[
  {
    "code_sha256": "33413bbb5d92dc70572d72e928f9adf6e165b493a74ed01da1bb19e1361460af",
    "demo_id": "33",
    "domain": "standard_model",
    "mode": "cert",
    "notes": "",
    "returncode": 0,
    "seconds": 0.681896,
    "status": "PASS",
    "stderr_path": "GUM/authority_archive/AOR_20260125T043902Z_52befea/GUM_BUNDLE_v30_20260125T043902Z/logs/standard_model__demo-33-first-principles-standard-model-sm28-closure.err.txt",
    "stderr_sha256": "e3b0c44298fc1c149afbf4c8996fb92427ae41e4649b934ca495991b7852b855",
    "stdout_path": "GUM/authority_archive/AOR_20260125T043902Z_52befea/GUM_BUNDLE_v30_20260125T043902Z/logs/standard_model__demo-33-first-principles-standard-model-sm28-closure.out.txt",
    "stdout_sha256": "e99729564a0915a259accc26d954a8893e430a92ebd9296f2122445d003a5428"
  },
  {
    "code_sha256": "396c4588e85de170a7ea898ac1311b1f09ae7cef7024cc8f619ccb82cc00de1e",
    "demo_id": "34",
    "domain": "bridge",
    "mode": "run",
    "notes": "",
    "returncode": 0,
    "seconds": 1.409507,
    "status": "PASS",
    "stderr_path": "GUM/authority_archive/AOR_20260125T043902Z_52befea/GUM_BUNDLE_v30_20260125T043902Z/logs/bridge__demo-34-omega-sm-master-flagship-v1.err.txt",
    "stderr_sha256": "e3b0c44298fc1c149afbf4c8996fb92427ae41e4649b934ca495991b7852b855",
    "stdout_path": "GUM/authority_archive/AOR_20260125T043902Z_52befea/GUM_BUNDLE_v30_20260125T043902Z/logs/bridge__demo-34-omega-sm-master-flagship-v1.out.txt",
    "stdout_sha256": "2f85163da13e183f46d44269025a15c1664aaa03792fe6811b81559cce4fb249"
  },
  {
    "code_sha256": "be1384b930644f1d3e142422a1603811e2363014c4824850de0b205d4519bc8f",
    "demo_id": "36",
    "domain": "cosmo",
    "mode": "run",
    "notes": "",
    "returncode": 0,
    "seconds": 23.170255,
    "status": "PASS",
    "stderr_path": "GUM/authority_archive/AOR_20260125T043902Z_52befea/GUM_BUNDLE_v30_20260125T043902Z/logs/cosmo__demo-36-big-bang-master-flagship.err.txt",
    "stderr_sha256": "8a127c70176f7aaf960b1d05e9a2d7faa5ada4d4a75b14b935cc1d256a2e6fd4",
    "stdout_path": "GUM/authority_archive/AOR_20260125T043902Z_52befea/GUM_BUNDLE_v30_20260125T043902Z/logs/cosmo__demo-36-big-bang-master-flagship.out.txt",
    "stdout_sha256": "ad030dcb1a4fabb2320baa39c4af26248d7416bc82ac5ad80b9d9c50da7c3435"
  },
  {
    "code_sha256": "2278243c792ac568e606e097da916f958d26486f4c96367cef7bba5914aac20b",
    "demo_id": "37",
    "domain": "standard_model",
    "mode": "run",
    "notes": "",
    "returncode": 0,
    "seconds": 0.311209,
    "status": "PASS",
    "stderr_path": "GUM/authority_archive/AOR_20260125T043902Z_52befea/GUM_BUNDLE_v30_20260125T043902Z/logs/standard_model__demo-37-math-sm-master-flagship.err.txt",
    "stderr_sha256": "fa7469ec28d85a25f1673d080d3e681cf07623cdbb3f031dcdbe5bf731de5745",
    "stdout_path": "GUM/authority_archive/AOR_20260125T043902Z_52befea/GUM_BUNDLE_v30_20260125T043902Z/logs/standard_model__demo-37-math-sm-master-flagship.out.txt",
    "stdout_sha256": "beed96c06609ab4814569fd391e935c58d39f940edcc08c734d5207d45e79e4d"
  },
  {
    "code_sha256": "e72e7790657950b2f91ec38c3a9014394a10ed5ad0d48ede23e29a124edf1b64",
    "demo_id": "39",
    "domain": "cosmo",
    "mode": "run",
    "notes": "",
    "returncode": 0,
    "seconds": 0.338535,
    "status": "PASS",
    "stderr_path": "GUM/authority_archive/AOR_20260125T043902Z_52befea/GUM_BUNDLE_v30_20260125T043902Z/logs/cosmo__demo-39-bb-a2.err.txt",
    "stderr_sha256": "1d387fcbd16df8bad75dbbdf152f1d6614037fa87fbdf67cfde1f2149321c33a",
    "stdout_path": "GUM/authority_archive/AOR_20260125T043902Z_52befea/GUM_BUNDLE_v30_20260125T043902Z/logs/cosmo__demo-39-bb-a2.out.txt",
    "stdout_sha256": "41b5318b86c161dded87b3102ea8bef146d86d520f18096bb4c59cc841982320"
  },
  {
    "code_sha256": "b12dd83a0b14307ec17de80f1286391c85bdae6904536a556a4e35d9445e7eb4",
    "demo_id": "40",
    "domain": "substrate",
    "mode": "run",
    "notes": "",
    "returncode": 0,
    "seconds": 0.205052,
    "status": "PASS",
    "stderr_path": "GUM/authority_archive/AOR_20260125T043902Z_52befea/GUM_BUNDLE_v30_20260125T043902Z/logs/substrate__demo-40-universe-from-zero.err.txt",
    "stderr_sha256": "e3b0c44298fc1c149afbf4c8996fb92427ae41e4649b934ca495991b7852b855",
    "stdout_path": "GUM/authority_archive/AOR_20260125T043902Z_52befea/GUM_BUNDLE_v30_20260125T043902Z/logs/substrate__demo-40-universe-from-zero.out.txt",
    "stdout_sha256": "d16683d8083d7b73a85a756b11e349d631182b57b6a16977fcc38578fe3f1909"
  },
  {
    "code_sha256": "f0912b3074c3de95e9b8e78cbc92dd5a1c576a65b31587889009bdbfd838e870",
    "demo_id": "51",
    "domain": "general_relativity",
    "mode": "run",
    "notes": "",
    "returncode": 0,
    "seconds": 0.059228,
    "status": "PASS",
    "stderr_path": "GUM/authority_archive/AOR_20260125T043902Z_52befea/GUM_BUNDLE_v30_20260125T043902Z/logs/general_relativity__demo-51-qft-gr-vacuum-suppression.err.txt",
    "stderr_sha256": "35c80af9739e17ee611fa001036951b10126d268e2e8c09073659a1536a2a96b",
    "stdout_path": "GUM/authority_archive/AOR_20260125T043902Z_52befea/GUM_BUNDLE_v30_20260125T043902Z/logs/general_relativity__demo-51-qft-gr-vacuum-suppression.out.txt",
    "stdout_sha256": "e3ff98bbf6647f8e0def12a81bebdc8e13b3eb65ccbab055141a7731504db58c"
  },
  {
    "code_sha256": "3bb3ee1797bb7e46bbd488f7c27a631b6677a28d6b026623bd9fcb76bd04b45d",
    "demo_id": "53",
    "domain": "foundations",
    "mode": "run",
    "notes": "",
    "returncode": 0,
    "seconds": 0.666462,
    "status": "PASS",
    "stderr_path": "GUM/authority_archive/AOR_20260125T043902Z_52befea/GUM_BUNDLE_v30_20260125T043902Z/logs/foundations__demo-53-lawbook-emergence.err.txt",
    "stderr_sha256": "e3b0c44298fc1c149afbf4c8996fb92427ae41e4649b934ca495991b7852b855",
    "stdout_path": "GUM/authority_archive/AOR_20260125T043902Z_52befea/GUM_BUNDLE_v30_20260125T043902Z/logs/foundations__demo-53-lawbook-emergence.out.txt",
    "stdout_sha256": "6734da516df09d588bd58935c093ecba9d8b22fde4d3bd5b752a2410749171e6"
  },
  {
    "code_sha256": "c43a2a3b36de4d68a45882247387ca0746ecb1ebc27a486d1dd359b95820ee65",
    "demo_id": "54",
    "domain": "standard_model",
    "mode": "run",
    "notes": "",
    "returncode": 0,
    "seconds": 2.384485,
    "status": "PASS",
    "stderr_path": "GUM/authority_archive/AOR_20260125T043902Z_52befea/GUM_BUNDLE_v30_20260125T043902Z/logs/standard_model__demo-54-master-flagship-demo.err.txt",
    "stderr_sha256": "895fd24a412edb6859f1ef50adcb189acc1efbc15057b2383c6dddae5d8ae2ac",
    "stdout_path": "GUM/authority_archive/AOR_20260125T043902Z_52befea/GUM_BUNDLE_v30_20260125T043902Z/logs/standard_model__demo-54-master-flagship-demo.out.txt",
    "stdout_sha256": "cd661242a9173dfc7ef1ee23e0efa5e8f00128ff2ccf21ba5fd19e5f797c6bbc"
  },
  {
    "code_sha256": "d614263c9bf5aa4aba59c632765808ae521f5834390a1b6dc9cfb2ce712a3a49",
    "demo_id": "55",
    "domain": "standard_model",
    "mode": "run",
    "notes": "",
    "returncode": 0,
    "seconds": 0.054468,
    "status": "PASS",
    "stderr_path": "GUM/authority_archive/AOR_20260125T043902Z_52befea/GUM_BUNDLE_v30_20260125T043902Z/logs/standard_model__demo-55-proton-charge-radius.err.txt",
    "stderr_sha256": "e3b0c44298fc1c149afbf4c8996fb92427ae41e4649b934ca495991b7852b855",
    "stdout_path": "GUM/authority_archive/AOR_20260125T043902Z_52befea/GUM_BUNDLE_v30_20260125T043902Z/logs/standard_model__demo-55-proton-charge-radius.out.txt",
    "stdout_sha256": "eb6c67dbc300192b77505f9b94372373ef1bedf217be401a415c958d4456ab2f"
  },
  {
    "code_sha256": "833acd006473c7d3b15edab630458e0d6098299041ac0850bf0dd2e8805e90a6",
    "demo_id": "56",
    "domain": "controllers",
    "mode": "run",
    "notes": "",
    "returncode": 0,
    "seconds": 25.972506,
    "status": "PASS",
    "stderr_path": "GUM/authority_archive/AOR_20260125T043902Z_52befea/GUM_BUNDLE_v30_20260125T043902Z/logs/controllers__demo-56-deterministic-operator-calculus-vs-fd.err.txt",
    "stderr_sha256": "f5e77d1c0760411daab72a905be3a6857e6de36e2c294f89baae057b14b68404",
    "stdout_path": "GUM/authority_archive/AOR_20260125T043902Z_52befea/GUM_BUNDLE_v30_20260125T043902Z/logs/controllers__demo-56-deterministic-operator-calculus-vs-fd.out.txt",
    "stdout_sha256": "e8730a0268fb01a51232d539fcd8eacea6607283aa7434f73eda66e042c9c9c4"
  },
  {
    "code_sha256": "4a573b4927fb8682d04293870edd17e90aa84c972f12da542e448a4eebc9b7be",
    "demo_id": "58",
    "domain": "general_relativity",
    "mode": "run",
    "notes": "",
    "returncode": 0,
    "seconds": 0.861126,
    "status": "PASS",
    "stderr_path": "GUM/authority_archive/AOR_20260125T043902Z_52befea/GUM_BUNDLE_v30_20260125T043902Z/logs/general_relativity__demo-58-emergent-weak-field-gr.err.txt",
    "stderr_sha256": "f88b058fa935fe5c42dfe6b7c419ef5aff0af563f54f74a6a449e918601de914",
    "stdout_path": "GUM/authority_archive/AOR_20260125T043902Z_52befea/GUM_BUNDLE_v30_20260125T043902Z/logs/general_relativity__demo-58-emergent-weak-field-gr.out.txt",
    "stdout_sha256": "d5b56c2b2194d7f2e14747597c22404f550614adccee88514c34ef0400195883"
  },
  {
    "code_sha256": "e2c60511de1f189674d6de23fa3a2e49fe5515c9a6b14738e715d1adf3cf1b1f",
    "demo_id": "59",
    "domain": "controllers",
    "mode": "run",
    "notes": "",
    "returncode": 0,
    "seconds": 0.82044,
    "status": "PASS",
    "stderr_path": "GUM/authority_archive/AOR_20260125T043902Z_52befea/GUM_BUNDLE_v30_20260125T043902Z/logs/controllers__demo-59-electromagnetism.err.txt",
    "stderr_sha256": "d08bda10cb25f4a936eeab5960d1419880898b4d7558a46719818b03c013a318",
    "stdout_path": "GUM/authority_archive/AOR_20260125T043902Z_52befea/GUM_BUNDLE_v30_20260125T043902Z/logs/controllers__demo-59-electromagnetism.out.txt",
    "stdout_sha256": "512cd8633d55e95f6b4f1cc10ae73af3d51a0010be0ff0e8313c815b2c45ec72"
  },
  {
    "code_sha256": "fba4ac6667a7e649d774e3aee773be53362fd17c92af83a116c2122536b660f2",
    "demo_id": "60",
    "domain": "quantum",
    "mode": "run",
    "notes": "",
    "returncode": 0,
    "seconds": 0.246572,
    "status": "PASS",
    "stderr_path": "GUM/authority_archive/AOR_20260125T043902Z_52befea/GUM_BUNDLE_v30_20260125T043902Z/logs/quantum__demo-60-quantum-master-flagship.err.txt",
    "stderr_sha256": "e3b0c44298fc1c149afbf4c8996fb92427ae41e4649b934ca495991b7852b855",
    "stdout_path": "GUM/authority_archive/AOR_20260125T043902Z_52befea/GUM_BUNDLE_v30_20260125T043902Z/logs/quantum__demo-60-quantum-master-flagship.out.txt",
    "stdout_sha256": "ae22f6b3c869689ad9eb848b4f5a24f99e244236215e827b7e4f43807ca4a067"
  },
  {
    "code_sha256": "ac29eabd147832e91543a2f1b2975d222ea526e2536e9c34a63e3fb193b4c37d",
    "demo_id": "63",
    "domain": "general_relativity",
    "mode": "run",
    "notes": "",
    "returncode": 0,
    "seconds": 0.158444,
    "status": "PASS",
    "stderr_path": "GUM/authority_archive/AOR_20260125T043902Z_52befea/GUM_BUNDLE_v30_20260125T043902Z/logs/general_relativity__demo-63-gravitational-wave-inspiral-phasing.err.txt",
    "stderr_sha256": "d28d2cdfc44fd8aa9c1f8033ea98b5007dd8eb6976a2763e0873089fb2acf675",
    "stdout_path": "GUM/authority_archive/AOR_20260125T043902Z_52befea/GUM_BUNDLE_v30_20260125T043902Z/logs/general_relativity__demo-63-gravitational-wave-inspiral-phasing.out.txt",
    "stdout_sha256": "29c1fd5e1ba9df46e7359c1b1f4b3ebcf0e97b742cda9b4e0bf9ed448a442540"
  },
  {
    "code_sha256": "6c0694a41546b177acc71cc8e29d6ca3395e2c8feacedc5affe2063a4251aca5",
    "demo_id": "64",
    "domain": "substrate",
    "mode": "run",
    "notes": "",
    "returncode": 0,
    "seconds": 0.074266,
    "status": "PASS",
    "stderr_path": "GUM/authority_archive/AOR_20260125T043902Z_52befea/GUM_BUNDLE_v30_20260125T043902Z/logs/substrate__demo-64-base-gauge-invariance-integer-selector.err.txt",
    "stderr_sha256": "32d37004e3a4e4a22878824c52cf7dc3139912100a73c1a7cbea4a11209afa9d",
    "stdout_path": "GUM/authority_archive/AOR_20260125T043902Z_52befea/GUM_BUNDLE_v30_20260125T043902Z/logs/substrate__demo-64-base-gauge-invariance-integer-selector.out.txt",
    "stdout_sha256": "2430904ca52af410f605f54e988fdae55cfeb2abadabf9fb82ca280919278e01"
  },
  {
    "code_sha256": "fbc59e24b80b3f94061e68fa213b7cc6b7b37090d1cb6b14ea0d05f2b4161d3a",
    "demo_id": "65",
    "domain": "infinity",
    "mode": "run",
    "notes": "",
    "returncode": 0,
    "seconds": 2.799499,
    "status": "PASS",
    "stderr_path": "GUM/authority_archive/AOR_20260125T043902Z_52befea/GUM_BUNDLE_v30_20260125T043902Z/logs/infinity__demo-65-continuous-lift-paradox.err.txt",
    "stderr_sha256": "a3eba0d313dafa5c500d29d333d096a3bd7baccce8c90289a9bda316c9fd2cc8",
    "stdout_path": "GUM/authority_archive/AOR_20260125T043902Z_52befea/GUM_BUNDLE_v30_20260125T043902Z/logs/infinity__demo-65-continuous-lift-paradox.out.txt",
    "stdout_sha256": "f1465e4bdd4bad786d641e5ef04adfcf32e73d90d87d69e5c6cf316367e67975"
  },
  {
    "code_sha256": "5e431f10e79a0aa5947fb14b0922c6500871332b8d981cd7a3fb36723660742b",
    "demo_id": "66",
    "domain": "quantum_gravity",
    "mode": "cert",
    "notes": "",
    "returncode": 0,
    "seconds": 0.188327,
    "status": "PASS",
    "stderr_path": "GUM/authority_archive/AOR_20260125T043902Z_52befea/GUM_BUNDLE_v30_20260125T043902Z/logs/quantum_gravity__demo-66-quantum-gravity-master-flagship-v4.err.txt",
    "stderr_sha256": "e3b0c44298fc1c149afbf4c8996fb92427ae41e4649b934ca495991b7852b855",
    "stdout_path": "GUM/authority_archive/AOR_20260125T043902Z_52befea/GUM_BUNDLE_v30_20260125T043902Z/logs/quantum_gravity__demo-66-quantum-gravity-master-flagship-v4.out.txt",
    "stdout_sha256": "778d198bad2442ab7492b13130b56ebc8e74a5f588ea528659f394bfb18d13db"
  },
  {
    "code_sha256": "4e00a354e960da013f75906cb6ca0071accf045710fb6808a159967fa31d9028",
    "demo_id": "67",
    "domain": "infinity",
    "mode": "run",
    "notes": "",
    "returncode": 0,
    "seconds": 64.072384,
    "status": "PASS",
    "stderr_path": "GUM/authority_archive/AOR_20260125T043902Z_52befea/GUM_BUNDLE_v30_20260125T043902Z/logs/infinity__demo-67-navier-stokes-master-flagship.err.txt",
    "stderr_sha256": "32e8f71a46c7d7eb2aa634cda46d75956e45cbdbed5b3446ba6b0833acc323c7",
    "stdout_path": "GUM/authority_archive/AOR_20260125T043902Z_52befea/GUM_BUNDLE_v30_20260125T043902Z/logs/infinity__demo-67-navier-stokes-master-flagship.out.txt",
    "stdout_sha256": "63cc16648dd91ea8003ed517214fba89315f5c6ed920c6b11ab54931e4ad3f92"
  },
  {
    "code_sha256": "98e3c3a6c8865c0434d55a38347cb804432d52e62efeb5177ce4b26f1c35a424",
    "demo_id": "68",
    "domain": "general_relativity",
    "mode": "run",
    "notes": "",
    "returncode": 0,
    "seconds": 1.645818,
    "status": "PASS",
    "stderr_path": "GUM/authority_archive/AOR_20260125T043902Z_52befea/GUM_BUNDLE_v30_20260125T043902Z/logs/general_relativity__demo-68-general-relativity-master-flagship.err.txt",
    "stderr_sha256": "e3b0c44298fc1c149afbf4c8996fb92427ae41e4649b934ca495991b7852b855",
    "stdout_path": "GUM/authority_archive/AOR_20260125T043902Z_52befea/GUM_BUNDLE_v30_20260125T043902Z/logs/general_relativity__demo-68-general-relativity-master-flagship.out.txt",
    "stdout_sha256": "7980227c0a24fa2c7fc382a073c6d620ebbf67334017200ecb18d00c068dbdfb"
  },
  {
    "code_sha256": "f88eb6ef2f6c2ce1a11c4cd6664880b49a22c85486e91c5e4a1dec081383da1e",
    "demo_id": "69",
    "domain": "controllers",
    "mode": "run",
    "notes": "",
    "returncode": 0,
    "seconds": 5.970778,
    "status": "PASS",
    "stderr_path": "GUM/authority_archive/AOR_20260125T043902Z_52befea/GUM_BUNDLE_v30_20260125T043902Z/logs/controllers__demo-69-oatb-operator-admissibility-transfer-bridge.err.txt",
    "stderr_sha256": "d6bcb715ef78f3fbb4345e486fa1ab8f3b37a4d18a611d13f806ac86aa6bc5b1",
    "stdout_path": "GUM/authority_archive/AOR_20260125T043902Z_52befea/GUM_BUNDLE_v30_20260125T043902Z/logs/controllers__demo-69-oatb-operator-admissibility-transfer-bridge.out.txt",
    "stdout_sha256": "b93b35b172c23f4c6c42827bd568d3ff1b84d4105359487d1226a9ad5f0b6663"
  },
  {
    "code_sha256": "22d96168011f931ec65be9e4526037ea35ef55c2107effd54bd42b6d55b9492a",
    "demo_id": "70",
    "domain": "standard_model",
    "mode": "run",
    "notes": "",
    "returncode": 0,
    "seconds": 0.740249,
    "status": "PASS",
    "stderr_path": "GUM/authority_archive/AOR_20260125T043902Z_52befea/GUM_BUNDLE_v30_20260125T043902Z/logs/standard_model__demo-70-higgs-master-flagship.err.txt",
    "stderr_sha256": "c89620149a3f26388d03aa3885210e8e56cfab2074abb32e29de8d94eb4477e3",
    "stdout_path": "GUM/authority_archive/AOR_20260125T043902Z_52befea/GUM_BUNDLE_v30_20260125T043902Z/logs/standard_model__demo-70-higgs-master-flagship.out.txt",
    "stdout_sha256": "c204f92be236ff48b08d8ef3da51878e94391d00e90dcdafb065bc36433c8004"
  },
  {
    "code_sha256": "78bf2731adce3bdd46f7ac93c12c14f72890f7d41adbb4151b2dac9e234929d5",
    "demo_id": "71",
    "domain": "foundations",
    "mode": "run",
    "notes": "",
    "returncode": 0,
    "seconds": 0.210624,
    "status": "PASS",
    "stderr_path": "GUM/authority_archive/AOR_20260125T043902Z_52befea/GUM_BUNDLE_v30_20260125T043902Z/logs/foundations__demo-71-one-action-master-flagship.err.txt",
    "stderr_sha256": "b53ac8327fcac23156a6eda205dc95a4866f4244317f14b28a92b0495363c309",
    "stdout_path": "GUM/authority_archive/AOR_20260125T043902Z_52befea/GUM_BUNDLE_v30_20260125T043902Z/logs/foundations__demo-71-one-action-master-flagship.out.txt",
    "stdout_sha256": "ddd2609491b45c859eb84a636ad6e8070817807eeed57dc06ce343bae13e1e1c"
  },
  {
    "code_sha256": "a3fbbc7f14770ef32eb551ff70d69e2613429935741a9228b5175af4c22f5b1b",
    "demo_id": "72",
    "domain": "sm",
    "mode": "run",
    "notes": "",
    "returncode": 0,
    "seconds": 0.165227,
    "status": "PASS",
    "stderr_path": "GUM/authority_archive/AOR_20260125T043902Z_52befea/GUM_BUNDLE_v30_20260125T043902Z/logs/sm__demo-72-yukawa.err.txt",
    "stderr_sha256": "e3b0c44298fc1c149afbf4c8996fb92427ae41e4649b934ca495991b7852b855",
    "stdout_path": "GUM/authority_archive/AOR_20260125T043902Z_52befea/GUM_BUNDLE_v30_20260125T043902Z/logs/sm__demo-72-yukawa.out.txt",
    "stdout_sha256": "b30ee8bb74a5782788dde364ee7ce770fc33911a3e9afdb37068db74ac964ac9"
  },
  {
    "code_sha256": "33514b94c635ef02f20ed4eaaf8dee9f01b6bf99dec80c9377d8d3a2920ea2a5",
    "demo_id": "73",
    "domain": "standard_model",
    "mode": "run",
    "notes": "",
    "returncode": 0,
    "seconds": 0.155955,
    "status": "PASS",
    "stderr_path": "GUM/authority_archive/AOR_20260125T043902Z_52befea/GUM_BUNDLE_v30_20260125T043902Z/logs/standard_model__demo-73-flavor-completion-master-flagship.err.txt",
    "stderr_sha256": "d10597a140b1c7dc9c792266032e26b0fcb12fe1cda20e7da82aae08784a8378",
    "stdout_path": "GUM/authority_archive/AOR_20260125T043902Z_52befea/GUM_BUNDLE_v30_20260125T043902Z/logs/standard_model__demo-73-flavor-completion-master-flagship.out.txt",
    "stdout_sha256": "435cf572b8987a6bb15e1c86b045e7973809734e6d8c2804da88cd65cae85021"
  },
  {
    "code_sha256": "25d17946394abb9bda0d483a7a2c86749104c75a5856bfbd5c0792fcdf7a19bc",
    "demo_id": "75",
    "domain": "foundations",
    "mode": "run",
    "notes": "",
    "returncode": 0,
    "seconds": 0.300202,
    "status": "PASS",
    "stderr_path": "GUM/authority_archive/AOR_20260125T043902Z_52befea/GUM_BUNDLE_v30_20260125T043902Z/logs/foundations__demo-75-prediction-ledger-master-flagship.err.txt",
    "stderr_sha256": "b624c400c9f4ab788d13ec2687cb4fc177507ab33b7f583e1409e60dd3ecbfaf",
    "stdout_path": "GUM/authority_archive/AOR_20260125T043902Z_52befea/GUM_BUNDLE_v30_20260125T043902Z/logs/foundations__demo-75-prediction-ledger-master-flagship.out.txt",
    "stdout_sha256": "83b8f39974e12eeed9eea8fd4f9294b9e8d44961e2ecc6f9533967eda34709f4"
  },
  {
    "code_sha256": "8cb834c2124473a177c7a5fd8a20a59035318876f903f8ab7b44eb62a231056f",
    "demo_id": "76",
    "domain": "standard_model",
    "mode": "run",
    "notes": "",
    "returncode": 0,
    "seconds": 0.187248,
    "status": "PASS",
    "stderr_path": "GUM/authority_archive/AOR_20260125T043902Z_52befea/GUM_BUNDLE_v30_20260125T043902Z/logs/standard_model__demo-76-primorial-yukawa-master-flagship.err.txt",
    "stderr_sha256": "7328c4ea2c0ba6f5367bfacbaf8b6fbf62d4b7289ba7736faf2bd88e9b9de183",
    "stdout_path": "GUM/authority_archive/AOR_20260125T043902Z_52befea/GUM_BUNDLE_v30_20260125T043902Z/logs/standard_model__demo-76-primorial-yukawa-master-flagship.out.txt",
    "stdout_sha256": "96e74e342dfca5de7fb6e1f4d76d68dbf122b5a0c20653ca0b6b33ea9dbcab72"
  }
]