[
  {
    "code_sha256": "33413bbb5d92dc70572d72e928f9adf6e165b493a74ed01da1bb19e1361460af",
    "demo_id": "33",
    "domain": "standard_model",
    "mode": "cert",
    "notes": "",
    "returncode": 0,
    "seconds": 0.543618,
    "status": "PASS",
    "stderr_path": "audits/bundles/GUM_BUNDLE_v30_20260120T024450Z/logs/standard_model__demo-33-first-principles-standard-model-sm28-closure.err.txt",
    "stderr_sha256": "e3b0c44298fc1c149afbf4c8996fb92427ae41e4649b934ca495991b7852b855",
    "stdout_path": "audits/bundles/GUM_BUNDLE_v30_20260120T024450Z/logs/standard_model__demo-33-first-principles-standard-model-sm28-closure.out.txt",
    "stdout_sha256": "e99729564a0915a259accc26d954a8893e430a92ebd9296f2122445d003a5428"
  },
  {
    "code_sha256": "be1384b930644f1d3e142422a1603811e2363014c4824850de0b205d4519bc8f",
    "demo_id": "36",
    "domain": "cosmo",
    "mode": "run",
    "notes": "",
    "returncode": 0,
    "seconds": 20.035752,
    "status": "PASS",
    "stderr_path": "audits/bundles/GUM_BUNDLE_v30_20260120T024450Z/logs/cosmo__demo-36-big-bang-master-flagship.err.txt",
    "stderr_sha256": "8a127c70176f7aaf960b1d05e9a2d7faa5ada4d4a75b14b935cc1d256a2e6fd4",
    "stdout_path": "audits/bundles/GUM_BUNDLE_v30_20260120T024450Z/logs/cosmo__demo-36-big-bang-master-flagship.out.txt",
    "stdout_sha256": "374c5d484669bf555346c54f3dcebb8e98ce49c48d75bd4f961fec0ec8f7d9f2"
  },
  {
    "code_sha256": "2278243c792ac568e606e097da916f958d26486f4c96367cef7bba5914aac20b",
    "demo_id": "37",
    "domain": "standard_model",
    "mode": "run",
    "notes": "",
    "returncode": 0,
    "seconds": 0.24109,
    "status": "PASS",
    "stderr_path": "audits/bundles/GUM_BUNDLE_v30_20260120T024450Z/logs/standard_model__demo-37-math-sm-master-flagship.err.txt",
    "stderr_sha256": "fa7469ec28d85a25f1673d080d3e681cf07623cdbb3f031dcdbe5bf731de5745",
    "stdout_path": "audits/bundles/GUM_BUNDLE_v30_20260120T024450Z/logs/standard_model__demo-37-math-sm-master-flagship.out.txt",
    "stdout_sha256": "01a28e52f1842f216e8569ae7ac07761be8e4a2857bf4eb6841762cdad05df04"
  },
  {
    "code_sha256": "e72e7790657950b2f91ec38c3a9014394a10ed5ad0d48ede23e29a124edf1b64",
    "demo_id": "39",
    "domain": "cosmo",
    "mode": "run",
    "notes": "",
    "returncode": 0,
    "seconds": 0.41116,
    "status": "PASS",
    "stderr_path": "audits/bundles/GUM_BUNDLE_v30_20260120T024450Z/logs/cosmo__demo-39-bb-a2.err.txt",
    "stderr_sha256": "1d387fcbd16df8bad75dbbdf152f1d6614037fa87fbdf67cfde1f2149321c33a",
    "stdout_path": "audits/bundles/GUM_BUNDLE_v30_20260120T024450Z/logs/cosmo__demo-39-bb-a2.out.txt",
    "stdout_sha256": "e4eae813f3b3a1c6ac4975e03cda35a30b1ea2b06982c38dc207874c95fcaef2"
  },
  {
    "code_sha256": "b12dd83a0b14307ec17de80f1286391c85bdae6904536a556a4e35d9445e7eb4",
    "demo_id": "40",
    "domain": "substrate",
    "mode": "run",
    "notes": "",
    "returncode": 0,
    "seconds": 0.19064,
    "status": "PASS",
    "stderr_path": "audits/bundles/GUM_BUNDLE_v30_20260120T024450Z/logs/substrate__demo-40-universe-from-zero.err.txt",
    "stderr_sha256": "e3b0c44298fc1c149afbf4c8996fb92427ae41e4649b934ca495991b7852b855",
    "stdout_path": "audits/bundles/GUM_BUNDLE_v30_20260120T024450Z/logs/substrate__demo-40-universe-from-zero.out.txt",
    "stdout_sha256": "fe540e61193ba65d095e4056b0c272297e30cda37fa9742bc7bb333a43a471d9"
  },
  {
    "code_sha256": "f0912b3074c3de95e9b8e78cbc92dd5a1c576a65b31587889009bdbfd838e870",
    "demo_id": "51",
    "domain": "general_relativity",
    "mode": "run",
    "notes": "",
    "returncode": 0,
    "seconds": 0.08103,
    "status": "PASS",
    "stderr_path": "audits/bundles/GUM_BUNDLE_v30_20260120T024450Z/logs/general_relativity__demo-51-qft-gr-vacuum-suppression.err.txt",
    "stderr_sha256": "35c80af9739e17ee611fa001036951b10126d268e2e8c09073659a1536a2a96b",
    "stdout_path": "audits/bundles/GUM_BUNDLE_v30_20260120T024450Z/logs/general_relativity__demo-51-qft-gr-vacuum-suppression.out.txt",
    "stdout_sha256": "6be418d9e2e131a3ab27d94c3c484009f0da690b7717232dc72a1b24a83df088"
  },
  {
    "code_sha256": "3bb3ee1797bb7e46bbd488f7c27a631b6677a28d6b026623bd9fcb76bd04b45d",
    "demo_id": "53",
    "domain": "foundations",
    "mode": "run",
    "notes": "",
    "returncode": 0,
    "seconds": 0.589454,
    "status": "PASS",
    "stderr_path": "audits/bundles/GUM_BUNDLE_v30_20260120T024450Z/logs/foundations__demo-53-lawbook-emergence.err.txt",
    "stderr_sha256": "e3b0c44298fc1c149afbf4c8996fb92427ae41e4649b934ca495991b7852b855",
    "stdout_path": "audits/bundles/GUM_BUNDLE_v30_20260120T024450Z/logs/foundations__demo-53-lawbook-emergence.out.txt",
    "stdout_sha256": "6734da516df09d588bd58935c093ecba9d8b22fde4d3bd5b752a2410749171e6"
  },
  {
    "code_sha256": "c43a2a3b36de4d68a45882247387ca0746ecb1ebc27a486d1dd359b95820ee65",
    "demo_id": "54",
    "domain": "standard_model",
    "mode": "run",
    "notes": "",
    "returncode": 0,
    "seconds": 3.092724,
    "status": "PASS",
    "stderr_path": "audits/bundles/GUM_BUNDLE_v30_20260120T024450Z/logs/standard_model__demo-54-master-flagship-demo.err.txt",
    "stderr_sha256": "895fd24a412edb6859f1ef50adcb189acc1efbc15057b2383c6dddae5d8ae2ac",
    "stdout_path": "audits/bundles/GUM_BUNDLE_v30_20260120T024450Z/logs/standard_model__demo-54-master-flagship-demo.out.txt",
    "stdout_sha256": "9e46f702b7b2f6d0e1d535f1c995c57c114b845f0feda7547057da7476739e83"
  },
  {
    "code_sha256": "d614263c9bf5aa4aba59c632765808ae521f5834390a1b6dc9cfb2ce712a3a49",
    "demo_id": "55",
    "domain": "standard_model",
    "mode": "run",
    "notes": "",
    "returncode": 0,
    "seconds": 0.089028,
    "status": "PASS",
    "stderr_path": "audits/bundles/GUM_BUNDLE_v30_20260120T024450Z/logs/standard_model__demo-55-proton-charge-radius.err.txt",
    "stderr_sha256": "e3b0c44298fc1c149afbf4c8996fb92427ae41e4649b934ca495991b7852b855",
    "stdout_path": "audits/bundles/GUM_BUNDLE_v30_20260120T024450Z/logs/standard_model__demo-55-proton-charge-radius.out.txt",
    "stdout_sha256": "11ea9c9993a5459a063663db600f004aa7d1199b5b19183d3162d661d1f76794"
  },
  {
    "code_sha256": "833acd006473c7d3b15edab630458e0d6098299041ac0850bf0dd2e8805e90a6",
    "demo_id": "56",
    "domain": "controllers",
    "mode": "run",
    "notes": "",
    "returncode": 0,
    "seconds": 21.495255,
    "status": "PASS",
    "stderr_path": "audits/bundles/GUM_BUNDLE_v30_20260120T024450Z/logs/controllers__demo-56-deterministic-operator-calculus-vs-fd.err.txt",
    "stderr_sha256": "f5e77d1c0760411daab72a905be3a6857e6de36e2c294f89baae057b14b68404",
    "stdout_path": "audits/bundles/GUM_BUNDLE_v30_20260120T024450Z/logs/controllers__demo-56-deterministic-operator-calculus-vs-fd.out.txt",
    "stdout_sha256": "946cd600e62a118fedfce2463419563b696497c44003b7fe66868269b006852a"
  },
  {
    "code_sha256": "4a573b4927fb8682d04293870edd17e90aa84c972f12da542e448a4eebc9b7be",
    "demo_id": "58",
    "domain": "general_relativity",
    "mode": "run",
    "notes": "",
    "returncode": 0,
    "seconds": 1.192816,
    "status": "PASS",
    "stderr_path": "audits/bundles/GUM_BUNDLE_v30_20260120T024450Z/logs/general_relativity__demo-58-emergent-weak-field-gr.err.txt",
    "stderr_sha256": "f88b058fa935fe5c42dfe6b7c419ef5aff0af563f54f74a6a449e918601de914",
    "stdout_path": "audits/bundles/GUM_BUNDLE_v30_20260120T024450Z/logs/general_relativity__demo-58-emergent-weak-field-gr.out.txt",
    "stdout_sha256": "93eb185019eca4e433ba5ce7a788ba9281832590108be752a36a369cd71c8057"
  },
  {
    "code_sha256": "e2c60511de1f189674d6de23fa3a2e49fe5515c9a6b14738e715d1adf3cf1b1f",
    "demo_id": "59",
    "domain": "controllers",
    "mode": "run",
    "notes": "",
    "returncode": 0,
    "seconds": 0.728484,
    "status": "PASS",
    "stderr_path": "audits/bundles/GUM_BUNDLE_v30_20260120T024450Z/logs/controllers__demo-59-electromagnetism.err.txt",
    "stderr_sha256": "d08bda10cb25f4a936eeab5960d1419880898b4d7558a46719818b03c013a318",
    "stdout_path": "audits/bundles/GUM_BUNDLE_v30_20260120T024450Z/logs/controllers__demo-59-electromagnetism.out.txt",
    "stdout_sha256": "6c40b47b93193745d7cec9ec4ac81eb4459f74b276b2374db081d885a1101d52"
  },
  {
    "code_sha256": "fba4ac6667a7e649d774e3aee773be53362fd17c92af83a116c2122536b660f2",
    "demo_id": "60",
    "domain": "quantum",
    "mode": "run",
    "notes": "",
    "returncode": 0,
    "seconds": 0.265263,
    "status": "PASS",
    "stderr_path": "audits/bundles/GUM_BUNDLE_v30_20260120T024450Z/logs/quantum__demo-60-quantum-master-flagship.err.txt",
    "stderr_sha256": "e3b0c44298fc1c149afbf4c8996fb92427ae41e4649b934ca495991b7852b855",
    "stdout_path": "audits/bundles/GUM_BUNDLE_v30_20260120T024450Z/logs/quantum__demo-60-quantum-master-flagship.out.txt",
    "stdout_sha256": "b371a6b86171b7a2c2d64d70573beaf43abbac3690568d00ddabcbc74c5abee4"
  },
  {
    "code_sha256": "ac29eabd147832e91543a2f1b2975d222ea526e2536e9c34a63e3fb193b4c37d",
    "demo_id": "63",
    "domain": "general_relativity",
    "mode": "run",
    "notes": "",
    "returncode": 0,
    "seconds": 0.208808,
    "status": "PASS",
    "stderr_path": "audits/bundles/GUM_BUNDLE_v30_20260120T024450Z/logs/general_relativity__demo-63-gravitational-wave-inspiral-phasing.err.txt",
    "stderr_sha256": "d28d2cdfc44fd8aa9c1f8033ea98b5007dd8eb6976a2763e0873089fb2acf675",
    "stdout_path": "audits/bundles/GUM_BUNDLE_v30_20260120T024450Z/logs/general_relativity__demo-63-gravitational-wave-inspiral-phasing.out.txt",
    "stdout_sha256": "cb88c384b546d69e31530c685b31c7633d47933106accc70f0409c88cfa70eb8"
  },
  {
    "code_sha256": "6c0694a41546b177acc71cc8e29d6ca3395e2c8feacedc5affe2063a4251aca5",
    "demo_id": "64",
    "domain": "substrate",
    "mode": "run",
    "notes": "",
    "returncode": 0,
    "seconds": 0.075728,
    "status": "PASS",
    "stderr_path": "audits/bundles/GUM_BUNDLE_v30_20260120T024450Z/logs/substrate__demo-64-base-gauge-invariance-integer-selector.err.txt",
    "stderr_sha256": "32d37004e3a4e4a22878824c52cf7dc3139912100a73c1a7cbea4a11209afa9d",
    "stdout_path": "audits/bundles/GUM_BUNDLE_v30_20260120T024450Z/logs/substrate__demo-64-base-gauge-invariance-integer-selector.out.txt",
    "stdout_sha256": "60ecae5537a5e5785ebed79b4ff9967cf2e17e55e3d0ef7084c580a553b76669"
  },
  {
    "code_sha256": "fbc59e24b80b3f94061e68fa213b7cc6b7b37090d1cb6b14ea0d05f2b4161d3a",
    "demo_id": "65",
    "domain": "infinity",
    "mode": "run",
    "notes": "",
    "returncode": 0,
    "seconds": 2.972657,
    "status": "PASS",
    "stderr_path": "audits/bundles/GUM_BUNDLE_v30_20260120T024450Z/logs/infinity__demo-65-continuous-lift-paradox.err.txt",
    "stderr_sha256": "a3eba0d313dafa5c500d29d333d096a3bd7baccce8c90289a9bda316c9fd2cc8",
    "stdout_path": "audits/bundles/GUM_BUNDLE_v30_20260120T024450Z/logs/infinity__demo-65-continuous-lift-paradox.out.txt",
    "stdout_sha256": "3f00e7eed83c1d8842477ad9a415e89836fa664d105ebbaf42b28f72b4eec084"
  },
  {
    "code_sha256": "4e00a354e960da013f75906cb6ca0071accf045710fb6808a159967fa31d9028",
    "demo_id": "67",
    "domain": "infinity",
    "mode": "run",
    "notes": "",
    "returncode": 0,
    "seconds": 65.552163,
    "status": "PASS",
    "stderr_path": "audits/bundles/GUM_BUNDLE_v30_20260120T024450Z/logs/infinity__demo-67-navier-stokes-master-flagship.err.txt",
    "stderr_sha256": "32e8f71a46c7d7eb2aa634cda46d75956e45cbdbed5b3446ba6b0833acc323c7",
    "stdout_path": "audits/bundles/GUM_BUNDLE_v30_20260120T024450Z/logs/infinity__demo-67-navier-stokes-master-flagship.out.txt",
    "stdout_sha256": "cabd7f7cb2246b138952a0cff4f514b4bb584d049940dcdc9e37badf57f6d996"
  },
  {
    "code_sha256": "98e3c3a6c8865c0434d55a38347cb804432d52e62efeb5177ce4b26f1c35a424",
    "demo_id": "68",
    "domain": "general_relativity",
    "mode": "run",
    "notes": "",
    "returncode": 0,
    "seconds": 1.939541,
    "status": "PASS",
    "stderr_path": "audits/bundles/GUM_BUNDLE_v30_20260120T024450Z/logs/general_relativity__demo-68-general-relativity-master-flagship.err.txt",
    "stderr_sha256": "e3b0c44298fc1c149afbf4c8996fb92427ae41e4649b934ca495991b7852b855",
    "stdout_path": "audits/bundles/GUM_BUNDLE_v30_20260120T024450Z/logs/general_relativity__demo-68-general-relativity-master-flagship.out.txt",
    "stdout_sha256": "86d03a0ff1d6a94f31350f4e08bfb35871933b4f2f6032c3ae545cf71dcd1dc4"
  },
  {
    "code_sha256": "f88eb6ef2f6c2ce1a11c4cd6664880b49a22c85486e91c5e4a1dec081383da1e",
    "demo_id": "69",
    "domain": "controllers",
    "mode": "run",
    "notes": "",
    "returncode": 0,
    "seconds": 5.833961,
    "status": "PASS",
    "stderr_path": "audits/bundles/GUM_BUNDLE_v30_20260120T024450Z/logs/controllers__demo-69-oatb-operator-admissibility-transfer-bridge.err.txt",
    "stderr_sha256": "d6bcb715ef78f3fbb4345e486fa1ab8f3b37a4d18a611d13f806ac86aa6bc5b1",
    "stdout_path": "audits/bundles/GUM_BUNDLE_v30_20260120T024450Z/logs/controllers__demo-69-oatb-operator-admissibility-transfer-bridge.out.txt",
    "stdout_sha256": "9c39af3b2e42930683bca761ec88f71e1c58560195eca586189e094f684cf279"
  },
  {
    "code_sha256": "22d96168011f931ec65be9e4526037ea35ef55c2107effd54bd42b6d55b9492a",
    "demo_id": "70",
    "domain": "standard_model",
    "mode": "run",
    "notes": "",
    "returncode": 0,
    "seconds": 1.099965,
    "status": "PASS",
    "stderr_path": "audits/bundles/GUM_BUNDLE_v30_20260120T024450Z/logs/standard_model__demo-70-higgs-master-flagship.err.txt",
    "stderr_sha256": "c89620149a3f26388d03aa3885210e8e56cfab2074abb32e29de8d94eb4477e3",
    "stdout_path": "audits/bundles/GUM_BUNDLE_v30_20260120T024450Z/logs/standard_model__demo-70-higgs-master-flagship.out.txt",
    "stdout_sha256": "a083f62ded0c2d3bc8e25de4c878b27a342a0b5ff9476738a693ed0d75b5ccd5"
  },
  {
    "code_sha256": "78bf2731adce3bdd46f7ac93c12c14f72890f7d41adbb4151b2dac9e234929d5",
    "demo_id": "71",
    "domain": "foundations",
    "mode": "run",
    "notes": "",
    "returncode": 0,
    "seconds": 0.320072,
    "status": "PASS",
    "stderr_path": "audits/bundles/GUM_BUNDLE_v30_20260120T024450Z/logs/foundations__demo-71-one-action-master-flagship.err.txt",
    "stderr_sha256": "b53ac8327fcac23156a6eda205dc95a4866f4244317f14b28a92b0495363c309",
    "stdout_path": "audits/bundles/GUM_BUNDLE_v30_20260120T024450Z/logs/foundations__demo-71-one-action-master-flagship.out.txt",
    "stdout_sha256": "d939bf3326fb536ad8362982cb5a967dcfe74fc35a0df8a46413930c18fb2c7f"
  },
  {
    "code_sha256": "a3fbbc7f14770ef32eb551ff70d69e2613429935741a9228b5175af4c22f5b1b",
    "demo_id": "72",
    "domain": "sm",
    "mode": "run",
    "notes": "",
    "returncode": 0,
    "seconds": 0.167906,
    "status": "PASS",
    "stderr_path": "audits/bundles/GUM_BUNDLE_v30_20260120T024450Z/logs/sm__demo-72-yukawa.err.txt",
    "stderr_sha256": "e3b0c44298fc1c149afbf4c8996fb92427ae41e4649b934ca495991b7852b855",
    "stdout_path": "audits/bundles/GUM_BUNDLE_v30_20260120T024450Z/logs/sm__demo-72-yukawa.out.txt",
    "stdout_sha256": "ce715188d4e88553c880186791fd8f67016948ea869e68e9f2f9aff6650720f1"
  },
  {
    "code_sha256": "0e0bb684ac6b62776a6302fab78e2f73c71892217a2a2411e5f4aa1edb6fce91",
    "demo_id": "demo-66a-quantum-gravity-master-flagship-v1",
    "domain": "quantum_gravity",
    "mode": "run",
    "notes": "",
    "returncode": 0,
    "seconds": 0.069376,
    "status": "PASS",
    "stderr_path": "audits/bundles/GUM_BUNDLE_v30_20260120T024450Z/logs/quantum_gravity__demo-66a-quantum-gravity-master-flagship-v1.err.txt",
    "stderr_sha256": "7c3a1fabc0f923ab3bba8605617a9c5fa95fba2332ad51b67284f7b657c34fbf",
    "stdout_path": "audits/bundles/GUM_BUNDLE_v30_20260120T024450Z/logs/quantum_gravity__demo-66a-quantum-gravity-master-flagship-v1.out.txt",
    "stdout_sha256": "c0f104a7b5665bb24c3683a4d734b14dc095a369857bfc4c94aba61403e1feff"
  },
  {
    "code_sha256": "9d23f8b4d560596117f00f85f6aeb070a368485616a87f3973ed2958f2a632fc",
    "demo_id": "demo-66b-quantum-gravity-master-flagship-v2",
    "domain": "quantum_gravity",
    "mode": "run",
    "notes": "",
    "returncode": 0,
    "seconds": 0.774993,
    "status": "PASS",
    "stderr_path": "audits/bundles/GUM_BUNDLE_v30_20260120T024450Z/logs/quantum_gravity__demo-66b-quantum-gravity-master-flagship-v2.err.txt",
    "stderr_sha256": "e3b0c44298fc1c149afbf4c8996fb92427ae41e4649b934ca495991b7852b855",
    "stdout_path": "audits/bundles/GUM_BUNDLE_v30_20260120T024450Z/logs/quantum_gravity__demo-66b-quantum-gravity-master-flagship-v2.out.txt",
    "stdout_sha256": "42295e4d25e4cbe3ec3b8bcef00a4612579117de2b5228355fe491631990b7ab"
  }
]