{
  "demo_id": "54",
  "label": "DEMO-54",
  "demo_path": "demos/standard_model/demo-54-master-flagship-demo",
  "code_sha256": "c43a2a3b36de4d68a45882247387ca0746ecb1ebc27a486d1dd359b95820ee65",
  "stdout_sha256": "6d77835be5442a4036c4e4a89af56727eac1b493d40791e74059c59135709231",
  "stderr_sha256": "895fd24a412edb6859f1ef50adcb189acc1efbc15057b2383c6dddae5d8ae2ac",
  "files": [
    {
      "path": "standard_model__demo-54-master-flagship-demo.out.txt",
      "sha256": "6d77835be5442a4036c4e4a89af56727eac1b493d40791e74059c59135709231",
      "bytes": 10303
    },
    {
      "path": "standard_model__demo-54-master-flagship-demo.err.txt",
      "sha256": "895fd24a412edb6859f1ef50adcb189acc1efbc15057b2383c6dddae5d8ae2ac",
      "bytes": 344
    },
    {
      "path": "demo.py",
      "sha256": "c43a2a3b36de4d68a45882247387ca0746ecb1ebc27a486d1dd359b95820ee65",
      "bytes": 45396
    },
    {
      "path": "__init__.py",
      "sha256": "459cae00ed76c5ac9a11b2e437a8b063b44d99392f42021f685b2e91f0f70c62",
      "bytes": 16
    },
    {
      "path": "artifacts/standard_model__demo-54-master-flagship-demo__BB36_big_bang.png",
      "sha256": "422513ca01ad77c8d180f3354ee8efd4c0a4466d8ff0cf330f70725f2c5245a2",
      "bytes": 44525
    }
  ]
}
