demo_id,domain,status,mode,returncode,seconds,code_sha256,stdout_path,stderr_path,stdout_sha256,stderr_sha256,notes
33,standard_model,PASS,cert,0,0.566045,33413bbb5d92dc70572d72e928f9adf6e165b493a74ed01da1bb19e1361460af,audits/bundles/GUM_BUNDLE_v30_20260120T032353Z/logs/standard_model__demo-33-first-principles-standard-model-sm28-closure.out.txt,audits/bundles/GUM_BUNDLE_v30_20260120T032353Z/logs/standard_model__demo-33-first-principles-standard-model-sm28-closure.err.txt,e99729564a0915a259accc26d954a8893e430a92ebd9296f2122445d003a5428,e3b0c44298fc1c149afbf4c8996fb92427ae41e4649b934ca495991b7852b855,
36,cosmo,PASS,run,0,21.181196,be1384b930644f1d3e142422a1603811e2363014c4824850de0b205d4519bc8f,audits/bundles/GUM_BUNDLE_v30_20260120T032353Z/logs/cosmo__demo-36-big-bang-master-flagship.out.txt,audits/bundles/GUM_BUNDLE_v30_20260120T032353Z/logs/cosmo__demo-36-big-bang-master-flagship.err.txt,66eab92654eab68689070c9b160123b73e64a1801bf63c21ac81eb4a9380d473,8a127c70176f7aaf960b1d05e9a2d7faa5ada4d4a75b14b935cc1d256a2e6fd4,
37,standard_model,PASS,run,0,0.233931,2278243c792ac568e606e097da916f958d26486f4c96367cef7bba5914aac20b,audits/bundles/GUM_BUNDLE_v30_20260120T032353Z/logs/standard_model__demo-37-math-sm-master-flagship.out.txt,audits/bundles/GUM_BUNDLE_v30_20260120T032353Z/logs/standard_model__demo-37-math-sm-master-flagship.err.txt,111446d6d28a5241d716de2cb6e9b7953a7279d0f1d61ac624c023905a494adc,fa7469ec28d85a25f1673d080d3e681cf07623cdbb3f031dcdbe5bf731de5745,
39,cosmo,PASS,run,0,0.321851,e72e7790657950b2f91ec38c3a9014394a10ed5ad0d48ede23e29a124edf1b64,audits/bundles/GUM_BUNDLE_v30_20260120T032353Z/logs/cosmo__demo-39-bb-a2.out.txt,audits/bundles/GUM_BUNDLE_v30_20260120T032353Z/logs/cosmo__demo-39-bb-a2.err.txt,454b3c73fde511ce44bb10c93348310d18c05210a315b8b9932d90ac7813836c,1d387fcbd16df8bad75dbbdf152f1d6614037fa87fbdf67cfde1f2149321c33a,
40,substrate,PASS,run,0,0.199546,b12dd83a0b14307ec17de80f1286391c85bdae6904536a556a4e35d9445e7eb4,audits/bundles/GUM_BUNDLE_v30_20260120T032353Z/logs/substrate__demo-40-universe-from-zero.out.txt,audits/bundles/GUM_BUNDLE_v30_20260120T032353Z/logs/substrate__demo-40-universe-from-zero.err.txt,316892e56a50edadb5c6a196a39659a2f9108579ca4a236a5764a4bb12455934,e3b0c44298fc1c149afbf4c8996fb92427ae41e4649b934ca495991b7852b855,
51,general_relativity,PASS,run,0,0.091261,f0912b3074c3de95e9b8e78cbc92dd5a1c576a65b31587889009bdbfd838e870,audits/bundles/GUM_BUNDLE_v30_20260120T032353Z/logs/general_relativity__demo-51-qft-gr-vacuum-suppression.out.txt,audits/bundles/GUM_BUNDLE_v30_20260120T032353Z/logs/general_relativity__demo-51-qft-gr-vacuum-suppression.err.txt,239e6fe2d44cba4391ae9f49f97181da05c53aba2c6b967017ddbb91a0f3e46f,35c80af9739e17ee611fa001036951b10126d268e2e8c09073659a1536a2a96b,
53,foundations,PASS,run,0,0.566584,3bb3ee1797bb7e46bbd488f7c27a631b6677a28d6b026623bd9fcb76bd04b45d,audits/bundles/GUM_BUNDLE_v30_20260120T032353Z/logs/foundations__demo-53-lawbook-emergence.out.txt,audits/bundles/GUM_BUNDLE_v30_20260120T032353Z/logs/foundations__demo-53-lawbook-emergence.err.txt,6734da516df09d588bd58935c093ecba9d8b22fde4d3bd5b752a2410749171e6,e3b0c44298fc1c149afbf4c8996fb92427ae41e4649b934ca495991b7852b855,
54,standard_model,PASS,run,0,3.190704,c43a2a3b36de4d68a45882247387ca0746ecb1ebc27a486d1dd359b95820ee65,audits/bundles/GUM_BUNDLE_v30_20260120T032353Z/logs/standard_model__demo-54-master-flagship-demo.out.txt,audits/bundles/GUM_BUNDLE_v30_20260120T032353Z/logs/standard_model__demo-54-master-flagship-demo.err.txt,673b712558aac4a4074ea36d40f3d5933f852af476baf878b0e0e036970f6a62,895fd24a412edb6859f1ef50adcb189acc1efbc15057b2383c6dddae5d8ae2ac,
55,standard_model,PASS,run,0,0.085704,d614263c9bf5aa4aba59c632765808ae521f5834390a1b6dc9cfb2ce712a3a49,audits/bundles/GUM_BUNDLE_v30_20260120T032353Z/logs/standard_model__demo-55-proton-charge-radius.out.txt,audits/bundles/GUM_BUNDLE_v30_20260120T032353Z/logs/standard_model__demo-55-proton-charge-radius.err.txt,d72f6ca7ad63c255b5cdb360d5f7f85eeaed3d747e2a5f924f01f8750965f3de,e3b0c44298fc1c149afbf4c8996fb92427ae41e4649b934ca495991b7852b855,
56,controllers,PASS,run,0,28.049306,833acd006473c7d3b15edab630458e0d6098299041ac0850bf0dd2e8805e90a6,audits/bundles/GUM_BUNDLE_v30_20260120T032353Z/logs/controllers__demo-56-deterministic-operator-calculus-vs-fd.out.txt,audits/bundles/GUM_BUNDLE_v30_20260120T032353Z/logs/controllers__demo-56-deterministic-operator-calculus-vs-fd.err.txt,862f016b32b32e42bfdb30e9e61cf3825a9d8de937e8a7922315f0487d7b5350,f5e77d1c0760411daab72a905be3a6857e6de36e2c294f89baae057b14b68404,
58,general_relativity,PASS,run,0,1.091246,4a573b4927fb8682d04293870edd17e90aa84c972f12da542e448a4eebc9b7be,audits/bundles/GUM_BUNDLE_v30_20260120T032353Z/logs/general_relativity__demo-58-emergent-weak-field-gr.out.txt,audits/bundles/GUM_BUNDLE_v30_20260120T032353Z/logs/general_relativity__demo-58-emergent-weak-field-gr.err.txt,326acb60a149ea2ae4a8f1c52ac632622aa633a8c6a3273e847f5a88400bb9bf,f88b058fa935fe5c42dfe6b7c419ef5aff0af563f54f74a6a449e918601de914,
59,controllers,PASS,run,0,0.680474,e2c60511de1f189674d6de23fa3a2e49fe5515c9a6b14738e715d1adf3cf1b1f,audits/bundles/GUM_BUNDLE_v30_20260120T032353Z/logs/controllers__demo-59-electromagnetism.out.txt,audits/bundles/GUM_BUNDLE_v30_20260120T032353Z/logs/controllers__demo-59-electromagnetism.err.txt,1526c379a377f14759a4ecddc8d4447bdfbbd66f39bb29d007b2228aa2bbf6f8,d08bda10cb25f4a936eeab5960d1419880898b4d7558a46719818b03c013a318,
60,quantum,PASS,run,0,0.257887,fba4ac6667a7e649d774e3aee773be53362fd17c92af83a116c2122536b660f2,audits/bundles/GUM_BUNDLE_v30_20260120T032353Z/logs/quantum__demo-60-quantum-master-flagship.out.txt,audits/bundles/GUM_BUNDLE_v30_20260120T032353Z/logs/quantum__demo-60-quantum-master-flagship.err.txt,c8725bf497bf5c3b9e525ba5914ae7a4e77f55897e42354b9345acfbf744a598,e3b0c44298fc1c149afbf4c8996fb92427ae41e4649b934ca495991b7852b855,
63,general_relativity,PASS,run,0,0.253621,ac29eabd147832e91543a2f1b2975d222ea526e2536e9c34a63e3fb193b4c37d,audits/bundles/GUM_BUNDLE_v30_20260120T032353Z/logs/general_relativity__demo-63-gravitational-wave-inspiral-phasing.out.txt,audits/bundles/GUM_BUNDLE_v30_20260120T032353Z/logs/general_relativity__demo-63-gravitational-wave-inspiral-phasing.err.txt,10621b02aa9958a20e3c782537a549e9229533017ea48e9aae1f89db3a7705ff,d28d2cdfc44fd8aa9c1f8033ea98b5007dd8eb6976a2763e0873089fb2acf675,
64,substrate,PASS,run,0,0.075988,6c0694a41546b177acc71cc8e29d6ca3395e2c8feacedc5affe2063a4251aca5,audits/bundles/GUM_BUNDLE_v30_20260120T032353Z/logs/substrate__demo-64-base-gauge-invariance-integer-selector.out.txt,audits/bundles/GUM_BUNDLE_v30_20260120T032353Z/logs/substrate__demo-64-base-gauge-invariance-integer-selector.err.txt,ed058f5db4efdcb4df72f7d51738cf0a37cc749a23c920034963be18084f856a,32d37004e3a4e4a22878824c52cf7dc3139912100a73c1a7cbea4a11209afa9d,
65,infinity,PASS,run,0,2.773158,fbc59e24b80b3f94061e68fa213b7cc6b7b37090d1cb6b14ea0d05f2b4161d3a,audits/bundles/GUM_BUNDLE_v30_20260120T032353Z/logs/infinity__demo-65-continuous-lift-paradox.out.txt,audits/bundles/GUM_BUNDLE_v30_20260120T032353Z/logs/infinity__demo-65-continuous-lift-paradox.err.txt,e44381b5317636b3009adb3acf9f57e642fab702e5e5314eaf5b7492d4c9beba,a3eba0d313dafa5c500d29d333d096a3bd7baccce8c90289a9bda316c9fd2cc8,
66,quantum_gravity,PASS,cert,0,0.090504,ef4cb32ac3a665506e37d1a14b2f8ae0390da6e6764137a6816eb604b3bdf5af,audits/bundles/GUM_BUNDLE_v30_20260120T032353Z/logs/quantum_gravity__demo-66-quantum-gravity-master-flagship-v4.out.txt,audits/bundles/GUM_BUNDLE_v30_20260120T032353Z/logs/quantum_gravity__demo-66-quantum-gravity-master-flagship-v4.err.txt,ea1ab46bec4934ea38452fa3df62bba7215c5cdfef20af60796b114d38372919,e3b0c44298fc1c149afbf4c8996fb92427ae41e4649b934ca495991b7852b855,
67,infinity,PASS,run,0,64.797776,4e00a354e960da013f75906cb6ca0071accf045710fb6808a159967fa31d9028,audits/bundles/GUM_BUNDLE_v30_20260120T032353Z/logs/infinity__demo-67-navier-stokes-master-flagship.out.txt,audits/bundles/GUM_BUNDLE_v30_20260120T032353Z/logs/infinity__demo-67-navier-stokes-master-flagship.err.txt,9a46cbd4ccf8392aed95911abe0ae2b4bc0ba756d1da21ee8d884fa410dedddb,32e8f71a46c7d7eb2aa634cda46d75956e45cbdbed5b3446ba6b0833acc323c7,
68,general_relativity,PASS,run,0,2.076811,98e3c3a6c8865c0434d55a38347cb804432d52e62efeb5177ce4b26f1c35a424,audits/bundles/GUM_BUNDLE_v30_20260120T032353Z/logs/general_relativity__demo-68-general-relativity-master-flagship.out.txt,audits/bundles/GUM_BUNDLE_v30_20260120T032353Z/logs/general_relativity__demo-68-general-relativity-master-flagship.err.txt,fcdaa4a7e0c85800087230a6642872a88cafd280d6e66e155d1b9ed0c60bca13,e3b0c44298fc1c149afbf4c8996fb92427ae41e4649b934ca495991b7852b855,
69,controllers,PASS,run,0,5.86148,f88eb6ef2f6c2ce1a11c4cd6664880b49a22c85486e91c5e4a1dec081383da1e,audits/bundles/GUM_BUNDLE_v30_20260120T032353Z/logs/controllers__demo-69-oatb-operator-admissibility-transfer-bridge.out.txt,audits/bundles/GUM_BUNDLE_v30_20260120T032353Z/logs/controllers__demo-69-oatb-operator-admissibility-transfer-bridge.err.txt,79ff6932debe11be79d87d40b4ac0409b8b905b5c043376f505a6ea8206986bd,d6bcb715ef78f3fbb4345e486fa1ab8f3b37a4d18a611d13f806ac86aa6bc5b1,
70,standard_model,PASS,run,0,1.098435,22d96168011f931ec65be9e4526037ea35ef55c2107effd54bd42b6d55b9492a,audits/bundles/GUM_BUNDLE_v30_20260120T032353Z/logs/standard_model__demo-70-higgs-master-flagship.out.txt,audits/bundles/GUM_BUNDLE_v30_20260120T032353Z/logs/standard_model__demo-70-higgs-master-flagship.err.txt,45cd4377f7414dd4564eb034a87fdb23ee0fbfc038cf9b4d7ffd1d29c54e190c,c89620149a3f26388d03aa3885210e8e56cfab2074abb32e29de8d94eb4477e3,
71,foundations,PASS,run,0,0.274019,78bf2731adce3bdd46f7ac93c12c14f72890f7d41adbb4151b2dac9e234929d5,audits/bundles/GUM_BUNDLE_v30_20260120T032353Z/logs/foundations__demo-71-one-action-master-flagship.out.txt,audits/bundles/GUM_BUNDLE_v30_20260120T032353Z/logs/foundations__demo-71-one-action-master-flagship.err.txt,e206ed8a58b6a6310ae5c2a9059b9027c62932839eed128f5188025cc549fe13,b53ac8327fcac23156a6eda205dc95a4866f4244317f14b28a92b0495363c309,
72,sm,PASS,run,0,0.141955,a3fbbc7f14770ef32eb551ff70d69e2613429935741a9228b5175af4c22f5b1b,audits/bundles/GUM_BUNDLE_v30_20260120T032353Z/logs/sm__demo-72-yukawa.out.txt,audits/bundles/GUM_BUNDLE_v30_20260120T032353Z/logs/sm__demo-72-yukawa.err.txt,4c4cce69ee6ef0a1f86e745de30b9f694f151187987e37eed6a39dbad8bfa75c,e3b0c44298fc1c149afbf4c8996fb92427ae41e4649b934ca495991b7852b855,
73,standard_model,PASS,run,0,0.195475,33514b94c635ef02f20ed4eaaf8dee9f01b6bf99dec80c9377d8d3a2920ea2a5,audits/bundles/GUM_BUNDLE_v30_20260120T032353Z/logs/standard_model__demo-73-flavor-completion-master-flagship.out.txt,audits/bundles/GUM_BUNDLE_v30_20260120T032353Z/logs/standard_model__demo-73-flavor-completion-master-flagship.err.txt,a865009576941c1a77ef63df3cec7852fb305c3e21d5b49cda82989594ca01ec,d10597a140b1c7dc9c792266032e26b0fcb12fe1cda20e7da82aae08784a8378,
75,foundations,PASS,run,0,0.262035,25d17946394abb9bda0d483a7a2c86749104c75a5856bfbd5c0792fcdf7a19bc,audits/bundles/GUM_BUNDLE_v30_20260120T032353Z/logs/foundations__demo-75-prediction-ledger-master-flagship.out.txt,audits/bundles/GUM_BUNDLE_v30_20260120T032353Z/logs/foundations__demo-75-prediction-ledger-master-flagship.err.txt,3e6db97bcc506d1aa7efe54fb5d9ddbd0dbae4ad6fb6487366d6aee2fda52b1c,b624c400c9f4ab788d13ec2687cb4fc177507ab33b7f583e1409e60dd3ecbfaf,
76,sm,PASS,run,0,0.189482,8cb834c2124473a177c7a5fd8a20a59035318876f903f8ab7b44eb62a231056f,audits/bundles/GUM_BUNDLE_v30_20260120T032353Z/logs/sm__demo-76-primorial-yukawa-master-flagship.out.txt,audits/bundles/GUM_BUNDLE_v30_20260120T032353Z/logs/sm__demo-76-primorial-yukawa-master-flagship.err.txt,cea50563592f0a6149598e4f9335e56723da9bc849bb7f770b3090411500e9d2,2a457bc6e8417388f848dafe56fb5197938a00c5dd8d5d94b284d16df88a0605,
