demo_id,domain,status,mode,returncode,seconds,code_sha256,stdout_path,stderr_path,stdout_sha256,stderr_sha256,notes
33,standard_model,PASS,cert,0,0.544925,33413bbb5d92dc70572d72e928f9adf6e165b493a74ed01da1bb19e1361460af,audits/bundles/GUM_BUNDLE_v30_20260120T032616Z/logs/standard_model__demo-33-first-principles-standard-model-sm28-closure.out.txt,audits/bundles/GUM_BUNDLE_v30_20260120T032616Z/logs/standard_model__demo-33-first-principles-standard-model-sm28-closure.err.txt,e99729564a0915a259accc26d954a8893e430a92ebd9296f2122445d003a5428,e3b0c44298fc1c149afbf4c8996fb92427ae41e4649b934ca495991b7852b855,
36,cosmo,PASS,run,0,19.461826,be1384b930644f1d3e142422a1603811e2363014c4824850de0b205d4519bc8f,audits/bundles/GUM_BUNDLE_v30_20260120T032616Z/logs/cosmo__demo-36-big-bang-master-flagship.out.txt,audits/bundles/GUM_BUNDLE_v30_20260120T032616Z/logs/cosmo__demo-36-big-bang-master-flagship.err.txt,84ae3ac4f39d0e5d0ea16970944a62048f37e9f7ba9a3a9cb6b3b6855550cf90,8a127c70176f7aaf960b1d05e9a2d7faa5ada4d4a75b14b935cc1d256a2e6fd4,
37,standard_model,PASS,run,0,0.232244,2278243c792ac568e606e097da916f958d26486f4c96367cef7bba5914aac20b,audits/bundles/GUM_BUNDLE_v30_20260120T032616Z/logs/standard_model__demo-37-math-sm-master-flagship.out.txt,audits/bundles/GUM_BUNDLE_v30_20260120T032616Z/logs/standard_model__demo-37-math-sm-master-flagship.err.txt,47718b5aa765aebe3e87f5f71cc6b1b1919c22cff24432541b99c07d5dd654b1,fa7469ec28d85a25f1673d080d3e681cf07623cdbb3f031dcdbe5bf731de5745,
39,cosmo,PASS,run,0,0.350749,e72e7790657950b2f91ec38c3a9014394a10ed5ad0d48ede23e29a124edf1b64,audits/bundles/GUM_BUNDLE_v30_20260120T032616Z/logs/cosmo__demo-39-bb-a2.out.txt,audits/bundles/GUM_BUNDLE_v30_20260120T032616Z/logs/cosmo__demo-39-bb-a2.err.txt,0950c7ab90b4631e8a6256f8d571f5cd59e7001e6ec840ede8017944f10cefcd,1d387fcbd16df8bad75dbbdf152f1d6614037fa87fbdf67cfde1f2149321c33a,
40,substrate,PASS,run,0,0.194329,b12dd83a0b14307ec17de80f1286391c85bdae6904536a556a4e35d9445e7eb4,audits/bundles/GUM_BUNDLE_v30_20260120T032616Z/logs/substrate__demo-40-universe-from-zero.out.txt,audits/bundles/GUM_BUNDLE_v30_20260120T032616Z/logs/substrate__demo-40-universe-from-zero.err.txt,ff5460fe6942f74be01e75672d73a7c7fea2aa9834370997191a299667efd39d,e3b0c44298fc1c149afbf4c8996fb92427ae41e4649b934ca495991b7852b855,
51,general_relativity,PASS,run,0,0.059949,f0912b3074c3de95e9b8e78cbc92dd5a1c576a65b31587889009bdbfd838e870,audits/bundles/GUM_BUNDLE_v30_20260120T032616Z/logs/general_relativity__demo-51-qft-gr-vacuum-suppression.out.txt,audits/bundles/GUM_BUNDLE_v30_20260120T032616Z/logs/general_relativity__demo-51-qft-gr-vacuum-suppression.err.txt,7b29bfda76eeee5a16bfdef01124363bebd4509b965f63bf3174760b96524e88,35c80af9739e17ee611fa001036951b10126d268e2e8c09073659a1536a2a96b,
53,foundations,PASS,run,0,0.564498,3bb3ee1797bb7e46bbd488f7c27a631b6677a28d6b026623bd9fcb76bd04b45d,audits/bundles/GUM_BUNDLE_v30_20260120T032616Z/logs/foundations__demo-53-lawbook-emergence.out.txt,audits/bundles/GUM_BUNDLE_v30_20260120T032616Z/logs/foundations__demo-53-lawbook-emergence.err.txt,6734da516df09d588bd58935c093ecba9d8b22fde4d3bd5b752a2410749171e6,e3b0c44298fc1c149afbf4c8996fb92427ae41e4649b934ca495991b7852b855,
54,standard_model,PASS,run,0,3.361444,c43a2a3b36de4d68a45882247387ca0746ecb1ebc27a486d1dd359b95820ee65,audits/bundles/GUM_BUNDLE_v30_20260120T032616Z/logs/standard_model__demo-54-master-flagship-demo.out.txt,audits/bundles/GUM_BUNDLE_v30_20260120T032616Z/logs/standard_model__demo-54-master-flagship-demo.err.txt,4e8e238ec272db5f02b6ba1ed432483230fda998a3170ab8043861eeb4713ce3,895fd24a412edb6859f1ef50adcb189acc1efbc15057b2383c6dddae5d8ae2ac,
55,standard_model,PASS,run,0,0.141266,d614263c9bf5aa4aba59c632765808ae521f5834390a1b6dc9cfb2ce712a3a49,audits/bundles/GUM_BUNDLE_v30_20260120T032616Z/logs/standard_model__demo-55-proton-charge-radius.out.txt,audits/bundles/GUM_BUNDLE_v30_20260120T032616Z/logs/standard_model__demo-55-proton-charge-radius.err.txt,dcedb10ee29a6b19aa0112ac1cd785ff3953a076d3f420537025937ec5126b7d,e3b0c44298fc1c149afbf4c8996fb92427ae41e4649b934ca495991b7852b855,
56,controllers,PASS,run,0,21.907736,833acd006473c7d3b15edab630458e0d6098299041ac0850bf0dd2e8805e90a6,audits/bundles/GUM_BUNDLE_v30_20260120T032616Z/logs/controllers__demo-56-deterministic-operator-calculus-vs-fd.out.txt,audits/bundles/GUM_BUNDLE_v30_20260120T032616Z/logs/controllers__demo-56-deterministic-operator-calculus-vs-fd.err.txt,058c6016c198122d5616f4eb5e32e2d493b606b5cb8497c674220fbb62f89ee8,f5e77d1c0760411daab72a905be3a6857e6de36e2c294f89baae057b14b68404,
58,general_relativity,PASS,run,0,0.966104,4a573b4927fb8682d04293870edd17e90aa84c972f12da542e448a4eebc9b7be,audits/bundles/GUM_BUNDLE_v30_20260120T032616Z/logs/general_relativity__demo-58-emergent-weak-field-gr.out.txt,audits/bundles/GUM_BUNDLE_v30_20260120T032616Z/logs/general_relativity__demo-58-emergent-weak-field-gr.err.txt,6e46083f9dc0d9d538a512c618eeb08f5e34bd00c1ce021f6159741dc2d97253,f88b058fa935fe5c42dfe6b7c419ef5aff0af563f54f74a6a449e918601de914,
59,controllers,PASS,run,0,0.711008,e2c60511de1f189674d6de23fa3a2e49fe5515c9a6b14738e715d1adf3cf1b1f,audits/bundles/GUM_BUNDLE_v30_20260120T032616Z/logs/controllers__demo-59-electromagnetism.out.txt,audits/bundles/GUM_BUNDLE_v30_20260120T032616Z/logs/controllers__demo-59-electromagnetism.err.txt,a1af1b04d981dc224e5792019ecf7065fd5b19074dd7072ea6d682b47ed28f3d,d08bda10cb25f4a936eeab5960d1419880898b4d7558a46719818b03c013a318,
60,quantum,PASS,run,0,0.279107,fba4ac6667a7e649d774e3aee773be53362fd17c92af83a116c2122536b660f2,audits/bundles/GUM_BUNDLE_v30_20260120T032616Z/logs/quantum__demo-60-quantum-master-flagship.out.txt,audits/bundles/GUM_BUNDLE_v30_20260120T032616Z/logs/quantum__demo-60-quantum-master-flagship.err.txt,6ff708af2f96979ed467e507b32affa566c458bba2866b5aa3e565d422aa5661,e3b0c44298fc1c149afbf4c8996fb92427ae41e4649b934ca495991b7852b855,
63,general_relativity,PASS,run,0,0.134895,ac29eabd147832e91543a2f1b2975d222ea526e2536e9c34a63e3fb193b4c37d,audits/bundles/GUM_BUNDLE_v30_20260120T032616Z/logs/general_relativity__demo-63-gravitational-wave-inspiral-phasing.out.txt,audits/bundles/GUM_BUNDLE_v30_20260120T032616Z/logs/general_relativity__demo-63-gravitational-wave-inspiral-phasing.err.txt,7a845863d2fd67ec58e51baf9ef8270a2cba82946c0386908dde8a732751548c,d28d2cdfc44fd8aa9c1f8033ea98b5007dd8eb6976a2763e0873089fb2acf675,
64,substrate,PASS,run,0,0.076726,6c0694a41546b177acc71cc8e29d6ca3395e2c8feacedc5affe2063a4251aca5,audits/bundles/GUM_BUNDLE_v30_20260120T032616Z/logs/substrate__demo-64-base-gauge-invariance-integer-selector.out.txt,audits/bundles/GUM_BUNDLE_v30_20260120T032616Z/logs/substrate__demo-64-base-gauge-invariance-integer-selector.err.txt,1d9acb7829d19067c3ae94bda0c308c1c7b34919a136ae772a07391ce73c8b4d,32d37004e3a4e4a22878824c52cf7dc3139912100a73c1a7cbea4a11209afa9d,
65,infinity,PASS,run,0,3.375181,fbc59e24b80b3f94061e68fa213b7cc6b7b37090d1cb6b14ea0d05f2b4161d3a,audits/bundles/GUM_BUNDLE_v30_20260120T032616Z/logs/infinity__demo-65-continuous-lift-paradox.out.txt,audits/bundles/GUM_BUNDLE_v30_20260120T032616Z/logs/infinity__demo-65-continuous-lift-paradox.err.txt,bfa4bfddf0c3066a363519eaadff51d210f552ca6c877ee24e08335354b10c21,a3eba0d313dafa5c500d29d333d096a3bd7baccce8c90289a9bda316c9fd2cc8,
66,quantum_gravity,PASS,cert,0,0.089339,ef4cb32ac3a665506e37d1a14b2f8ae0390da6e6764137a6816eb604b3bdf5af,audits/bundles/GUM_BUNDLE_v30_20260120T032616Z/logs/quantum_gravity__demo-66-quantum-gravity-master-flagship-v4.out.txt,audits/bundles/GUM_BUNDLE_v30_20260120T032616Z/logs/quantum_gravity__demo-66-quantum-gravity-master-flagship-v4.err.txt,27fc7fcb50907d106c0f9409074cbec9144c8850d5afb4566b0e5c2b934bf84f,e3b0c44298fc1c149afbf4c8996fb92427ae41e4649b934ca495991b7852b855,
67,infinity,PASS,run,0,65.928665,4e00a354e960da013f75906cb6ca0071accf045710fb6808a159967fa31d9028,audits/bundles/GUM_BUNDLE_v30_20260120T032616Z/logs/infinity__demo-67-navier-stokes-master-flagship.out.txt,audits/bundles/GUM_BUNDLE_v30_20260120T032616Z/logs/infinity__demo-67-navier-stokes-master-flagship.err.txt,e757f0e7c232331880c4ee327240cdbea245bb28511f1dc198e15b200cc1d1c5,32e8f71a46c7d7eb2aa634cda46d75956e45cbdbed5b3446ba6b0833acc323c7,
68,general_relativity,PASS,run,0,2.234485,98e3c3a6c8865c0434d55a38347cb804432d52e62efeb5177ce4b26f1c35a424,audits/bundles/GUM_BUNDLE_v30_20260120T032616Z/logs/general_relativity__demo-68-general-relativity-master-flagship.out.txt,audits/bundles/GUM_BUNDLE_v30_20260120T032616Z/logs/general_relativity__demo-68-general-relativity-master-flagship.err.txt,d178b50a8299d75fd3aea55093cbfefb5e381737ad2620bb604da03ba09c9a1c,e3b0c44298fc1c149afbf4c8996fb92427ae41e4649b934ca495991b7852b855,
69,controllers,PASS,run,0,6.869525,f88eb6ef2f6c2ce1a11c4cd6664880b49a22c85486e91c5e4a1dec081383da1e,audits/bundles/GUM_BUNDLE_v30_20260120T032616Z/logs/controllers__demo-69-oatb-operator-admissibility-transfer-bridge.out.txt,audits/bundles/GUM_BUNDLE_v30_20260120T032616Z/logs/controllers__demo-69-oatb-operator-admissibility-transfer-bridge.err.txt,d394792fbb18cf08a9aad3d8a666f870f45c083ceaaea7073ea66d9910586edb,d6bcb715ef78f3fbb4345e486fa1ab8f3b37a4d18a611d13f806ac86aa6bc5b1,
70,standard_model,PASS,run,0,1.117869,22d96168011f931ec65be9e4526037ea35ef55c2107effd54bd42b6d55b9492a,audits/bundles/GUM_BUNDLE_v30_20260120T032616Z/logs/standard_model__demo-70-higgs-master-flagship.out.txt,audits/bundles/GUM_BUNDLE_v30_20260120T032616Z/logs/standard_model__demo-70-higgs-master-flagship.err.txt,e2b1755058859b27889962dfafb6b51a67854640e9cb62ca76fe46f0a912f3f4,c89620149a3f26388d03aa3885210e8e56cfab2074abb32e29de8d94eb4477e3,
71,foundations,PASS,run,0,0.223828,78bf2731adce3bdd46f7ac93c12c14f72890f7d41adbb4151b2dac9e234929d5,audits/bundles/GUM_BUNDLE_v30_20260120T032616Z/logs/foundations__demo-71-one-action-master-flagship.out.txt,audits/bundles/GUM_BUNDLE_v30_20260120T032616Z/logs/foundations__demo-71-one-action-master-flagship.err.txt,1d204bc3c458704a77f7cb4036556aa1c8e40bbb550edc789ff6ef2b5328e9d9,b53ac8327fcac23156a6eda205dc95a4866f4244317f14b28a92b0495363c309,
72,sm,PASS,run,0,0.140901,a3fbbc7f14770ef32eb551ff70d69e2613429935741a9228b5175af4c22f5b1b,audits/bundles/GUM_BUNDLE_v30_20260120T032616Z/logs/sm__demo-72-yukawa.out.txt,audits/bundles/GUM_BUNDLE_v30_20260120T032616Z/logs/sm__demo-72-yukawa.err.txt,db9ffcee20f2234d5574f7876b422c9b8e81e0483414ca0b70978db4869a07c6,e3b0c44298fc1c149afbf4c8996fb92427ae41e4649b934ca495991b7852b855,
73,standard_model,PASS,run,0,0.188152,33514b94c635ef02f20ed4eaaf8dee9f01b6bf99dec80c9377d8d3a2920ea2a5,audits/bundles/GUM_BUNDLE_v30_20260120T032616Z/logs/standard_model__demo-73-flavor-completion-master-flagship.out.txt,audits/bundles/GUM_BUNDLE_v30_20260120T032616Z/logs/standard_model__demo-73-flavor-completion-master-flagship.err.txt,812a5e827ea0f49812e81caf0f92a2d7b33dd52326cfa79aeaa03f21be3e2826,d10597a140b1c7dc9c792266032e26b0fcb12fe1cda20e7da82aae08784a8378,
75,foundations,PASS,run,0,0.156568,25d17946394abb9bda0d483a7a2c86749104c75a5856bfbd5c0792fcdf7a19bc,audits/bundles/GUM_BUNDLE_v30_20260120T032616Z/logs/foundations__demo-75-prediction-ledger-master-flagship.out.txt,audits/bundles/GUM_BUNDLE_v30_20260120T032616Z/logs/foundations__demo-75-prediction-ledger-master-flagship.err.txt,9568176663b090b12a18058af71f9ac6faf2daeae7276fd20d772f07aa558f34,b624c400c9f4ab788d13ec2687cb4fc177507ab33b7f583e1409e60dd3ecbfaf,
76,sm,PASS,run,0,0.19448,8cb834c2124473a177c7a5fd8a20a59035318876f903f8ab7b44eb62a231056f,audits/bundles/GUM_BUNDLE_v30_20260120T032616Z/logs/sm__demo-76-primorial-yukawa-master-flagship.out.txt,audits/bundles/GUM_BUNDLE_v30_20260120T032616Z/logs/sm__demo-76-primorial-yukawa-master-flagship.err.txt,a8d4d2b17969e067dc91c597e5283dfdd917989c4abbca0bb32997e313607a03,2a457bc6e8417388f848dafe56fb5197938a00c5dd8d5d94b284d16df88a0605,
