demo_id,domain,status,mode,returncode,seconds,code_sha256,stdout_path,stderr_path,stdout_sha256,stderr_sha256,notes
33,standard_model,PASS,cert,0,0.580849,33413bbb5d92dc70572d72e928f9adf6e165b493a74ed01da1bb19e1361460af,GUM/authority_archive/AOR_20260125T033630Z_f65aa05/GUM_BUNDLE_v30_20260125T033630Z/logs/standard_model__demo-33-first-principles-standard-model-sm28-closure.out.txt,GUM/authority_archive/AOR_20260125T033630Z_f65aa05/GUM_BUNDLE_v30_20260125T033630Z/logs/standard_model__demo-33-first-principles-standard-model-sm28-closure.err.txt,e99729564a0915a259accc26d954a8893e430a92ebd9296f2122445d003a5428,e3b0c44298fc1c149afbf4c8996fb92427ae41e4649b934ca495991b7852b855,
34,bridge,PASS,run,0,0.738697,396c4588e85de170a7ea898ac1311b1f09ae7cef7024cc8f619ccb82cc00de1e,GUM/authority_archive/AOR_20260125T033630Z_f65aa05/GUM_BUNDLE_v30_20260125T033630Z/logs/bridge__demo-34-omega-sm-master-flagship-v1.out.txt,GUM/authority_archive/AOR_20260125T033630Z_f65aa05/GUM_BUNDLE_v30_20260125T033630Z/logs/bridge__demo-34-omega-sm-master-flagship-v1.err.txt,3b4994bad2b60606f6dd94fc30b55a03147653e045b19c0b0fce80e4269858f6,e3b0c44298fc1c149afbf4c8996fb92427ae41e4649b934ca495991b7852b855,
36,cosmo,PASS,run,0,20.14165,be1384b930644f1d3e142422a1603811e2363014c4824850de0b205d4519bc8f,GUM/authority_archive/AOR_20260125T033630Z_f65aa05/GUM_BUNDLE_v30_20260125T033630Z/logs/cosmo__demo-36-big-bang-master-flagship.out.txt,GUM/authority_archive/AOR_20260125T033630Z_f65aa05/GUM_BUNDLE_v30_20260125T033630Z/logs/cosmo__demo-36-big-bang-master-flagship.err.txt,7b5a966f8dd982e87e6fa6243d3f0d3d4513493821046379ce7f7f8cf658b0f1,8a127c70176f7aaf960b1d05e9a2d7faa5ada4d4a75b14b935cc1d256a2e6fd4,
37,standard_model,PASS,run,0,0.236686,2278243c792ac568e606e097da916f958d26486f4c96367cef7bba5914aac20b,GUM/authority_archive/AOR_20260125T033630Z_f65aa05/GUM_BUNDLE_v30_20260125T033630Z/logs/standard_model__demo-37-math-sm-master-flagship.out.txt,GUM/authority_archive/AOR_20260125T033630Z_f65aa05/GUM_BUNDLE_v30_20260125T033630Z/logs/standard_model__demo-37-math-sm-master-flagship.err.txt,d6f9f2ec6ab30d63869a7a948dc350a89a4c5472c923941fa058139ab5da0774,fa7469ec28d85a25f1673d080d3e681cf07623cdbb3f031dcdbe5bf731de5745,
39,cosmo,PASS,run,0,0.344325,e72e7790657950b2f91ec38c3a9014394a10ed5ad0d48ede23e29a124edf1b64,GUM/authority_archive/AOR_20260125T033630Z_f65aa05/GUM_BUNDLE_v30_20260125T033630Z/logs/cosmo__demo-39-bb-a2.out.txt,GUM/authority_archive/AOR_20260125T033630Z_f65aa05/GUM_BUNDLE_v30_20260125T033630Z/logs/cosmo__demo-39-bb-a2.err.txt,050a26cdba3bf90766f0e7ba205948cdf8c0f05eecc39ddaad6e16d451efd1a2,1d387fcbd16df8bad75dbbdf152f1d6614037fa87fbdf67cfde1f2149321c33a,
40,substrate,PASS,run,0,0.210755,b12dd83a0b14307ec17de80f1286391c85bdae6904536a556a4e35d9445e7eb4,GUM/authority_archive/AOR_20260125T033630Z_f65aa05/GUM_BUNDLE_v30_20260125T033630Z/logs/substrate__demo-40-universe-from-zero.out.txt,GUM/authority_archive/AOR_20260125T033630Z_f65aa05/GUM_BUNDLE_v30_20260125T033630Z/logs/substrate__demo-40-universe-from-zero.err.txt,6a12954cb9053239d6eb2406cbfb16871aa2807154cd423c69a919f17ea15775,e3b0c44298fc1c149afbf4c8996fb92427ae41e4649b934ca495991b7852b855,
51,general_relativity,PASS,run,0,0.06021,f0912b3074c3de95e9b8e78cbc92dd5a1c576a65b31587889009bdbfd838e870,GUM/authority_archive/AOR_20260125T033630Z_f65aa05/GUM_BUNDLE_v30_20260125T033630Z/logs/general_relativity__demo-51-qft-gr-vacuum-suppression.out.txt,GUM/authority_archive/AOR_20260125T033630Z_f65aa05/GUM_BUNDLE_v30_20260125T033630Z/logs/general_relativity__demo-51-qft-gr-vacuum-suppression.err.txt,ef94a27b13908bf60cce3310c9759009f3e5e4ed9fd5c077aa68c3a652aeea4b,35c80af9739e17ee611fa001036951b10126d268e2e8c09073659a1536a2a96b,
53,foundations,PASS,run,0,0.537739,3bb3ee1797bb7e46bbd488f7c27a631b6677a28d6b026623bd9fcb76bd04b45d,GUM/authority_archive/AOR_20260125T033630Z_f65aa05/GUM_BUNDLE_v30_20260125T033630Z/logs/foundations__demo-53-lawbook-emergence.out.txt,GUM/authority_archive/AOR_20260125T033630Z_f65aa05/GUM_BUNDLE_v30_20260125T033630Z/logs/foundations__demo-53-lawbook-emergence.err.txt,6734da516df09d588bd58935c093ecba9d8b22fde4d3bd5b752a2410749171e6,e3b0c44298fc1c149afbf4c8996fb92427ae41e4649b934ca495991b7852b855,
54,standard_model,PASS,run,0,2.390559,c43a2a3b36de4d68a45882247387ca0746ecb1ebc27a486d1dd359b95820ee65,GUM/authority_archive/AOR_20260125T033630Z_f65aa05/GUM_BUNDLE_v30_20260125T033630Z/logs/standard_model__demo-54-master-flagship-demo.out.txt,GUM/authority_archive/AOR_20260125T033630Z_f65aa05/GUM_BUNDLE_v30_20260125T033630Z/logs/standard_model__demo-54-master-flagship-demo.err.txt,2576e04c85b35c84467a935bba40c13c8beff8367912a8d04bd82e9d1c0f3ca9,895fd24a412edb6859f1ef50adcb189acc1efbc15057b2383c6dddae5d8ae2ac,
55,standard_model,PASS,run,0,0.054811,d614263c9bf5aa4aba59c632765808ae521f5834390a1b6dc9cfb2ce712a3a49,GUM/authority_archive/AOR_20260125T033630Z_f65aa05/GUM_BUNDLE_v30_20260125T033630Z/logs/standard_model__demo-55-proton-charge-radius.out.txt,GUM/authority_archive/AOR_20260125T033630Z_f65aa05/GUM_BUNDLE_v30_20260125T033630Z/logs/standard_model__demo-55-proton-charge-radius.err.txt,13761b8adb0e75f7c749890a31db9f041b30207a9799777acd68a5f73b05c81c,e3b0c44298fc1c149afbf4c8996fb92427ae41e4649b934ca495991b7852b855,
56,controllers,PASS,run,0,26.116859,833acd006473c7d3b15edab630458e0d6098299041ac0850bf0dd2e8805e90a6,GUM/authority_archive/AOR_20260125T033630Z_f65aa05/GUM_BUNDLE_v30_20260125T033630Z/logs/controllers__demo-56-deterministic-operator-calculus-vs-fd.out.txt,GUM/authority_archive/AOR_20260125T033630Z_f65aa05/GUM_BUNDLE_v30_20260125T033630Z/logs/controllers__demo-56-deterministic-operator-calculus-vs-fd.err.txt,7cc478940e350051386031e185bcf8f6571291f406806718ec5711aabad15281,f5e77d1c0760411daab72a905be3a6857e6de36e2c294f89baae057b14b68404,
58,general_relativity,PASS,run,0,0.915722,4a573b4927fb8682d04293870edd17e90aa84c972f12da542e448a4eebc9b7be,GUM/authority_archive/AOR_20260125T033630Z_f65aa05/GUM_BUNDLE_v30_20260125T033630Z/logs/general_relativity__demo-58-emergent-weak-field-gr.out.txt,GUM/authority_archive/AOR_20260125T033630Z_f65aa05/GUM_BUNDLE_v30_20260125T033630Z/logs/general_relativity__demo-58-emergent-weak-field-gr.err.txt,a9809a7ea189658c4102de9b63a62ea61c0c6325c5bf5b51b155b40e92b93343,f88b058fa935fe5c42dfe6b7c419ef5aff0af563f54f74a6a449e918601de914,
59,controllers,PASS,run,0,0.707965,e2c60511de1f189674d6de23fa3a2e49fe5515c9a6b14738e715d1adf3cf1b1f,GUM/authority_archive/AOR_20260125T033630Z_f65aa05/GUM_BUNDLE_v30_20260125T033630Z/logs/controllers__demo-59-electromagnetism.out.txt,GUM/authority_archive/AOR_20260125T033630Z_f65aa05/GUM_BUNDLE_v30_20260125T033630Z/logs/controllers__demo-59-electromagnetism.err.txt,806bac0678814a0bee9413704eb6a86ea7efa136c4430f6595a5e52e6461249b,d08bda10cb25f4a936eeab5960d1419880898b4d7558a46719818b03c013a318,
60,quantum,PASS,run,0,0.251571,fba4ac6667a7e649d774e3aee773be53362fd17c92af83a116c2122536b660f2,GUM/authority_archive/AOR_20260125T033630Z_f65aa05/GUM_BUNDLE_v30_20260125T033630Z/logs/quantum__demo-60-quantum-master-flagship.out.txt,GUM/authority_archive/AOR_20260125T033630Z_f65aa05/GUM_BUNDLE_v30_20260125T033630Z/logs/quantum__demo-60-quantum-master-flagship.err.txt,7850c0ced37f785ec343fde8a99d0a4f9527808e9d324d65561ec3cec5d8846c,e3b0c44298fc1c149afbf4c8996fb92427ae41e4649b934ca495991b7852b855,
63,general_relativity,PASS,run,0,0.13253,ac29eabd147832e91543a2f1b2975d222ea526e2536e9c34a63e3fb193b4c37d,GUM/authority_archive/AOR_20260125T033630Z_f65aa05/GUM_BUNDLE_v30_20260125T033630Z/logs/general_relativity__demo-63-gravitational-wave-inspiral-phasing.out.txt,GUM/authority_archive/AOR_20260125T033630Z_f65aa05/GUM_BUNDLE_v30_20260125T033630Z/logs/general_relativity__demo-63-gravitational-wave-inspiral-phasing.err.txt,62fbf94a40207a83171c451f91dbfc7b070952dcf5c8648c92a98e04e16b6341,d28d2cdfc44fd8aa9c1f8033ea98b5007dd8eb6976a2763e0873089fb2acf675,
64,substrate,PASS,run,0,0.11383,6c0694a41546b177acc71cc8e29d6ca3395e2c8feacedc5affe2063a4251aca5,GUM/authority_archive/AOR_20260125T033630Z_f65aa05/GUM_BUNDLE_v30_20260125T033630Z/logs/substrate__demo-64-base-gauge-invariance-integer-selector.out.txt,GUM/authority_archive/AOR_20260125T033630Z_f65aa05/GUM_BUNDLE_v30_20260125T033630Z/logs/substrate__demo-64-base-gauge-invariance-integer-selector.err.txt,b0fd4a4c35af0d1b3c5eebdf9bfea762adf40dec074c128cf9c532d1390f2459,32d37004e3a4e4a22878824c52cf7dc3139912100a73c1a7cbea4a11209afa9d,
65,infinity,PASS,run,0,2.843104,fbc59e24b80b3f94061e68fa213b7cc6b7b37090d1cb6b14ea0d05f2b4161d3a,GUM/authority_archive/AOR_20260125T033630Z_f65aa05/GUM_BUNDLE_v30_20260125T033630Z/logs/infinity__demo-65-continuous-lift-paradox.out.txt,GUM/authority_archive/AOR_20260125T033630Z_f65aa05/GUM_BUNDLE_v30_20260125T033630Z/logs/infinity__demo-65-continuous-lift-paradox.err.txt,da546a2017729e31610e21cd77e6d3150e87854fed1787902b9a4275b46b5a8c,a3eba0d313dafa5c500d29d333d096a3bd7baccce8c90289a9bda316c9fd2cc8,
66,quantum_gravity,PASS,cert,0,0.159409,5e431f10e79a0aa5947fb14b0922c6500871332b8d981cd7a3fb36723660742b,GUM/authority_archive/AOR_20260125T033630Z_f65aa05/GUM_BUNDLE_v30_20260125T033630Z/logs/quantum_gravity__demo-66-quantum-gravity-master-flagship-v4.out.txt,GUM/authority_archive/AOR_20260125T033630Z_f65aa05/GUM_BUNDLE_v30_20260125T033630Z/logs/quantum_gravity__demo-66-quantum-gravity-master-flagship-v4.err.txt,3f5170dda38e5feb228253097596705882f35456810aecbfcacf35e9b2daaccd,e3b0c44298fc1c149afbf4c8996fb92427ae41e4649b934ca495991b7852b855,
67,infinity,PASS,run,0,64.098522,4e00a354e960da013f75906cb6ca0071accf045710fb6808a159967fa31d9028,GUM/authority_archive/AOR_20260125T033630Z_f65aa05/GUM_BUNDLE_v30_20260125T033630Z/logs/infinity__demo-67-navier-stokes-master-flagship.out.txt,GUM/authority_archive/AOR_20260125T033630Z_f65aa05/GUM_BUNDLE_v30_20260125T033630Z/logs/infinity__demo-67-navier-stokes-master-flagship.err.txt,bc2d629b226f14cd737268cb6271cee6ca783e989bb3f15a3b093fca86f7459f,32e8f71a46c7d7eb2aa634cda46d75956e45cbdbed5b3446ba6b0833acc323c7,
68,general_relativity,PASS,run,0,1.690986,98e3c3a6c8865c0434d55a38347cb804432d52e62efeb5177ce4b26f1c35a424,GUM/authority_archive/AOR_20260125T033630Z_f65aa05/GUM_BUNDLE_v30_20260125T033630Z/logs/general_relativity__demo-68-general-relativity-master-flagship.out.txt,GUM/authority_archive/AOR_20260125T033630Z_f65aa05/GUM_BUNDLE_v30_20260125T033630Z/logs/general_relativity__demo-68-general-relativity-master-flagship.err.txt,5d2136a6f82a6a09684ae1b5833ed917ce32393b62c62e58bb82ef2c25246a43,e3b0c44298fc1c149afbf4c8996fb92427ae41e4649b934ca495991b7852b855,
69,controllers,PASS,run,0,6.158497,f88eb6ef2f6c2ce1a11c4cd6664880b49a22c85486e91c5e4a1dec081383da1e,GUM/authority_archive/AOR_20260125T033630Z_f65aa05/GUM_BUNDLE_v30_20260125T033630Z/logs/controllers__demo-69-oatb-operator-admissibility-transfer-bridge.out.txt,GUM/authority_archive/AOR_20260125T033630Z_f65aa05/GUM_BUNDLE_v30_20260125T033630Z/logs/controllers__demo-69-oatb-operator-admissibility-transfer-bridge.err.txt,9880b446522e778f527722c2920c866d4b6519cc9cc8d0739e2c8a26bc1bdad6,d6bcb715ef78f3fbb4345e486fa1ab8f3b37a4d18a611d13f806ac86aa6bc5b1,
70,standard_model,PASS,run,0,0.819222,22d96168011f931ec65be9e4526037ea35ef55c2107effd54bd42b6d55b9492a,GUM/authority_archive/AOR_20260125T033630Z_f65aa05/GUM_BUNDLE_v30_20260125T033630Z/logs/standard_model__demo-70-higgs-master-flagship.out.txt,GUM/authority_archive/AOR_20260125T033630Z_f65aa05/GUM_BUNDLE_v30_20260125T033630Z/logs/standard_model__demo-70-higgs-master-flagship.err.txt,7f0045147fd537ab174663cf1d07d59f871628fa8195ffb45fbc2a4ecf4e0680,c89620149a3f26388d03aa3885210e8e56cfab2074abb32e29de8d94eb4477e3,
71,foundations,PASS,run,0,0.211853,78bf2731adce3bdd46f7ac93c12c14f72890f7d41adbb4151b2dac9e234929d5,GUM/authority_archive/AOR_20260125T033630Z_f65aa05/GUM_BUNDLE_v30_20260125T033630Z/logs/foundations__demo-71-one-action-master-flagship.out.txt,GUM/authority_archive/AOR_20260125T033630Z_f65aa05/GUM_BUNDLE_v30_20260125T033630Z/logs/foundations__demo-71-one-action-master-flagship.err.txt,bb621b27c84d692065e2eeed85f6604b6bef15e988d6cbf0bc3f4becbd8807d1,b53ac8327fcac23156a6eda205dc95a4866f4244317f14b28a92b0495363c309,
72,sm,PASS,run,0,0.144512,a3fbbc7f14770ef32eb551ff70d69e2613429935741a9228b5175af4c22f5b1b,GUM/authority_archive/AOR_20260125T033630Z_f65aa05/GUM_BUNDLE_v30_20260125T033630Z/logs/sm__demo-72-yukawa.out.txt,GUM/authority_archive/AOR_20260125T033630Z_f65aa05/GUM_BUNDLE_v30_20260125T033630Z/logs/sm__demo-72-yukawa.err.txt,69d1e1d1c6a96ff88d9b548993a9b7c5a934eda4167bcc83c43b60970e760461,e3b0c44298fc1c149afbf4c8996fb92427ae41e4649b934ca495991b7852b855,
73,standard_model,PASS,run,0,0.163286,33514b94c635ef02f20ed4eaaf8dee9f01b6bf99dec80c9377d8d3a2920ea2a5,GUM/authority_archive/AOR_20260125T033630Z_f65aa05/GUM_BUNDLE_v30_20260125T033630Z/logs/standard_model__demo-73-flavor-completion-master-flagship.out.txt,GUM/authority_archive/AOR_20260125T033630Z_f65aa05/GUM_BUNDLE_v30_20260125T033630Z/logs/standard_model__demo-73-flavor-completion-master-flagship.err.txt,cddb3c2dc86e0441947ecb30f0669bf14bbae158cfc72c515493288425bef066,d10597a140b1c7dc9c792266032e26b0fcb12fe1cda20e7da82aae08784a8378,
75,foundations,PASS,run,0,0.299528,25d17946394abb9bda0d483a7a2c86749104c75a5856bfbd5c0792fcdf7a19bc,GUM/authority_archive/AOR_20260125T033630Z_f65aa05/GUM_BUNDLE_v30_20260125T033630Z/logs/foundations__demo-75-prediction-ledger-master-flagship.out.txt,GUM/authority_archive/AOR_20260125T033630Z_f65aa05/GUM_BUNDLE_v30_20260125T033630Z/logs/foundations__demo-75-prediction-ledger-master-flagship.err.txt,4f44a2bcc85cbcb3f28fecf8a2f967078df8ef8f29e82203c36b2f2343532a69,b624c400c9f4ab788d13ec2687cb4fc177507ab33b7f583e1409e60dd3ecbfaf,
76,standard_model,PASS,run,0,0.198642,8cb834c2124473a177c7a5fd8a20a59035318876f903f8ab7b44eb62a231056f,GUM/authority_archive/AOR_20260125T033630Z_f65aa05/GUM_BUNDLE_v30_20260125T033630Z/logs/standard_model__demo-76-primorial-yukawa-master-flagship.out.txt,GUM/authority_archive/AOR_20260125T033630Z_f65aa05/GUM_BUNDLE_v30_20260125T033630Z/logs/standard_model__demo-76-primorial-yukawa-master-flagship.err.txt,477695ebc5be85dfd967b52c1083a9859ca0c9037c73a7d5bbc4f17f1ed8c05b,7328c4ea2c0ba6f5367bfacbaf8b6fbf62d4b7289ba7736faf2bd88e9b9de183,
