{
  "demo_id": "demo-66b-quantum-gravity-master-flagship-v2",
  "label": "demo-66b-quantum-gravity-master-flagship-v2",
  "demo_path": "demos/quantum_gravity/demo-66b-quantum-gravity-master-flagship-v2",
  "code_sha256": "9d23f8b4d560596117f00f85f6aeb070a368485616a87f3973ed2958f2a632fc",
  "stdout_sha256": "42295e4d25e4cbe3ec3b8bcef00a4612579117de2b5228355fe491631990b7ab",
  "stderr_sha256": "e3b0c44298fc1c149afbf4c8996fb92427ae41e4649b934ca495991b7852b855",
  "files": [
    {
      "path": "quantum_gravity__demo-66b-quantum-gravity-master-flagship-v2.err.txt",
      "sha256": "e3b0c44298fc1c149afbf4c8996fb92427ae41e4649b934ca495991b7852b855",
      "bytes": 0
    },
    {
      "path": "demo.py",
      "sha256": "9d23f8b4d560596117f00f85f6aeb070a368485616a87f3973ed2958f2a632fc",
      "bytes": 27747
    },
    {
      "path": "__init__.py",
      "sha256": "459cae00ed76c5ac9a11b2e437a8b063b44d99392f42021f685b2e91f0f70c62",
      "bytes": 16
    },
    {
      "path": "quantum_gravity__demo-66b-quantum-gravity-master-flagship-v2.out.txt",
      "sha256": "42295e4d25e4cbe3ec3b8bcef00a4612579117de2b5228355fe491631990b7ab",
      "bytes": 8371
    },
    {
      "path": "artifacts/quantum_gravity__demo-66b-quantum-gravity-master-flagship-v2__demo66_master_results.json",
      "sha256": "de899bf569cf1ea2b94bf055cb67d601cde1143e6704cb41d79f67f35a688338",
      "bytes": 1828
    },
    {
      "path": "artifacts/quantum_gravity__demo-66b-quantum-gravity-master-flagship-v2__demo66_screening_plot.png",
      "sha256": "05c97460ff5c2b4e135e42c3c31f059c4dfe900253b199989f630ef7b5962dab",
      "bytes": 62032
    }
  ]
}
