demo_id,domain,status,mode,returncode,seconds,code_sha256,stdout_path,stderr_path,stdout_sha256,stderr_sha256,notes
33,standard_model,PASS,cert,0,0.599242,33413bbb5d92dc70572d72e928f9adf6e165b493a74ed01da1bb19e1361460af,GUM/authority_archive/AOR_20260124T200425Z_be5cecc/GUM_BUNDLE_v30_20260124T200425Z/logs/standard_model__demo-33-first-principles-standard-model-sm28-closure.out.txt,GUM/authority_archive/AOR_20260124T200425Z_be5cecc/GUM_BUNDLE_v30_20260124T200425Z/logs/standard_model__demo-33-first-principles-standard-model-sm28-closure.err.txt,e99729564a0915a259accc26d954a8893e430a92ebd9296f2122445d003a5428,e3b0c44298fc1c149afbf4c8996fb92427ae41e4649b934ca495991b7852b855,
34,bridge,PASS,run,0,0.715626,396c4588e85de170a7ea898ac1311b1f09ae7cef7024cc8f619ccb82cc00de1e,GUM/authority_archive/AOR_20260124T200425Z_be5cecc/GUM_BUNDLE_v30_20260124T200425Z/logs/bridge__demo-34-omega-sm-master-flagship-v1.out.txt,GUM/authority_archive/AOR_20260124T200425Z_be5cecc/GUM_BUNDLE_v30_20260124T200425Z/logs/bridge__demo-34-omega-sm-master-flagship-v1.err.txt,6a9c7b58955421d53514c7d09e1beb4e2e61adb9936c24c793fcc239ec82e47e,e3b0c44298fc1c149afbf4c8996fb92427ae41e4649b934ca495991b7852b855,
36,cosmo,PASS,run,0,21.171357,be1384b930644f1d3e142422a1603811e2363014c4824850de0b205d4519bc8f,GUM/authority_archive/AOR_20260124T200425Z_be5cecc/GUM_BUNDLE_v30_20260124T200425Z/logs/cosmo__demo-36-big-bang-master-flagship.out.txt,GUM/authority_archive/AOR_20260124T200425Z_be5cecc/GUM_BUNDLE_v30_20260124T200425Z/logs/cosmo__demo-36-big-bang-master-flagship.err.txt,9521bec7f668aa5b54234f3cbbe7e2398fc7783a6c2c7df4d07a4a8a5a951973,8a127c70176f7aaf960b1d05e9a2d7faa5ada4d4a75b14b935cc1d256a2e6fd4,
37,standard_model,PASS,run,0,0.249532,2278243c792ac568e606e097da916f958d26486f4c96367cef7bba5914aac20b,GUM/authority_archive/AOR_20260124T200425Z_be5cecc/GUM_BUNDLE_v30_20260124T200425Z/logs/standard_model__demo-37-math-sm-master-flagship.out.txt,GUM/authority_archive/AOR_20260124T200425Z_be5cecc/GUM_BUNDLE_v30_20260124T200425Z/logs/standard_model__demo-37-math-sm-master-flagship.err.txt,1387a755a54fe206a78abc3876be938880cdaccf4c7ee8d1bc3108c9c1b5844a,fa7469ec28d85a25f1673d080d3e681cf07623cdbb3f031dcdbe5bf731de5745,
39,cosmo,PASS,run,0,0.31358,e72e7790657950b2f91ec38c3a9014394a10ed5ad0d48ede23e29a124edf1b64,GUM/authority_archive/AOR_20260124T200425Z_be5cecc/GUM_BUNDLE_v30_20260124T200425Z/logs/cosmo__demo-39-bb-a2.out.txt,GUM/authority_archive/AOR_20260124T200425Z_be5cecc/GUM_BUNDLE_v30_20260124T200425Z/logs/cosmo__demo-39-bb-a2.err.txt,46279cb1a360d42f76c0c7ee150d1fcd7eace0a0a81848d42e3ce8201fcadd90,1d387fcbd16df8bad75dbbdf152f1d6614037fa87fbdf67cfde1f2149321c33a,
40,substrate,PASS,run,0,0.192092,b12dd83a0b14307ec17de80f1286391c85bdae6904536a556a4e35d9445e7eb4,GUM/authority_archive/AOR_20260124T200425Z_be5cecc/GUM_BUNDLE_v30_20260124T200425Z/logs/substrate__demo-40-universe-from-zero.out.txt,GUM/authority_archive/AOR_20260124T200425Z_be5cecc/GUM_BUNDLE_v30_20260124T200425Z/logs/substrate__demo-40-universe-from-zero.err.txt,04e6aab9b2af7b5130ce8724cb51470583a3d2dce71ef5180389828d820697a7,e3b0c44298fc1c149afbf4c8996fb92427ae41e4649b934ca495991b7852b855,
51,general_relativity,PASS,run,0,0.061718,f0912b3074c3de95e9b8e78cbc92dd5a1c576a65b31587889009bdbfd838e870,GUM/authority_archive/AOR_20260124T200425Z_be5cecc/GUM_BUNDLE_v30_20260124T200425Z/logs/general_relativity__demo-51-qft-gr-vacuum-suppression.out.txt,GUM/authority_archive/AOR_20260124T200425Z_be5cecc/GUM_BUNDLE_v30_20260124T200425Z/logs/general_relativity__demo-51-qft-gr-vacuum-suppression.err.txt,bd3de39f2004b780699f87664ec0a578c6b372f5a4fccced6a0f7e29ac945b03,35c80af9739e17ee611fa001036951b10126d268e2e8c09073659a1536a2a96b,
53,foundations,PASS,run,0,0.622231,3bb3ee1797bb7e46bbd488f7c27a631b6677a28d6b026623bd9fcb76bd04b45d,GUM/authority_archive/AOR_20260124T200425Z_be5cecc/GUM_BUNDLE_v30_20260124T200425Z/logs/foundations__demo-53-lawbook-emergence.out.txt,GUM/authority_archive/AOR_20260124T200425Z_be5cecc/GUM_BUNDLE_v30_20260124T200425Z/logs/foundations__demo-53-lawbook-emergence.err.txt,6734da516df09d588bd58935c093ecba9d8b22fde4d3bd5b752a2410749171e6,e3b0c44298fc1c149afbf4c8996fb92427ae41e4649b934ca495991b7852b855,
54,standard_model,PASS,run,0,2.354065,c43a2a3b36de4d68a45882247387ca0746ecb1ebc27a486d1dd359b95820ee65,GUM/authority_archive/AOR_20260124T200425Z_be5cecc/GUM_BUNDLE_v30_20260124T200425Z/logs/standard_model__demo-54-master-flagship-demo.out.txt,GUM/authority_archive/AOR_20260124T200425Z_be5cecc/GUM_BUNDLE_v30_20260124T200425Z/logs/standard_model__demo-54-master-flagship-demo.err.txt,6d77835be5442a4036c4e4a89af56727eac1b493d40791e74059c59135709231,895fd24a412edb6859f1ef50adcb189acc1efbc15057b2383c6dddae5d8ae2ac,
55,standard_model,PASS,run,0,0.057338,d614263c9bf5aa4aba59c632765808ae521f5834390a1b6dc9cfb2ce712a3a49,GUM/authority_archive/AOR_20260124T200425Z_be5cecc/GUM_BUNDLE_v30_20260124T200425Z/logs/standard_model__demo-55-proton-charge-radius.out.txt,GUM/authority_archive/AOR_20260124T200425Z_be5cecc/GUM_BUNDLE_v30_20260124T200425Z/logs/standard_model__demo-55-proton-charge-radius.err.txt,12b3c188b7cb2159859b235f288da9861ae455cc9570f7b03536aff2edc61b6b,e3b0c44298fc1c149afbf4c8996fb92427ae41e4649b934ca495991b7852b855,
56,controllers,PASS,run,0,19.965309,833acd006473c7d3b15edab630458e0d6098299041ac0850bf0dd2e8805e90a6,GUM/authority_archive/AOR_20260124T200425Z_be5cecc/GUM_BUNDLE_v30_20260124T200425Z/logs/controllers__demo-56-deterministic-operator-calculus-vs-fd.out.txt,GUM/authority_archive/AOR_20260124T200425Z_be5cecc/GUM_BUNDLE_v30_20260124T200425Z/logs/controllers__demo-56-deterministic-operator-calculus-vs-fd.err.txt,3b080f2e5beb0bc90cd182d9d6045a1e5d39af25ad6afa97644842ab41ac6035,f5e77d1c0760411daab72a905be3a6857e6de36e2c294f89baae057b14b68404,
58,general_relativity,PASS,run,0,0.901597,4a573b4927fb8682d04293870edd17e90aa84c972f12da542e448a4eebc9b7be,GUM/authority_archive/AOR_20260124T200425Z_be5cecc/GUM_BUNDLE_v30_20260124T200425Z/logs/general_relativity__demo-58-emergent-weak-field-gr.out.txt,GUM/authority_archive/AOR_20260124T200425Z_be5cecc/GUM_BUNDLE_v30_20260124T200425Z/logs/general_relativity__demo-58-emergent-weak-field-gr.err.txt,11a4fe02eaabdde8f0bf3cf06712cbf1a3f2154adeeeae86ff108cf00ab265c3,f88b058fa935fe5c42dfe6b7c419ef5aff0af563f54f74a6a449e918601de914,
59,controllers,PASS,run,0,0.719242,e2c60511de1f189674d6de23fa3a2e49fe5515c9a6b14738e715d1adf3cf1b1f,GUM/authority_archive/AOR_20260124T200425Z_be5cecc/GUM_BUNDLE_v30_20260124T200425Z/logs/controllers__demo-59-electromagnetism.out.txt,GUM/authority_archive/AOR_20260124T200425Z_be5cecc/GUM_BUNDLE_v30_20260124T200425Z/logs/controllers__demo-59-electromagnetism.err.txt,f43220ba3923539b936e4ed36a59ce7920add05cc30136c446bf2e1a2c5b4154,d08bda10cb25f4a936eeab5960d1419880898b4d7558a46719818b03c013a318,
60,quantum,PASS,run,0,0.249636,fba4ac6667a7e649d774e3aee773be53362fd17c92af83a116c2122536b660f2,GUM/authority_archive/AOR_20260124T200425Z_be5cecc/GUM_BUNDLE_v30_20260124T200425Z/logs/quantum__demo-60-quantum-master-flagship.out.txt,GUM/authority_archive/AOR_20260124T200425Z_be5cecc/GUM_BUNDLE_v30_20260124T200425Z/logs/quantum__demo-60-quantum-master-flagship.err.txt,8cb5ff4abc87e875c3e3cd91f03287407567e021501fc2a4b0ec9f95dd3b6bf2,e3b0c44298fc1c149afbf4c8996fb92427ae41e4649b934ca495991b7852b855,
63,general_relativity,PASS,run,0,0.131586,ac29eabd147832e91543a2f1b2975d222ea526e2536e9c34a63e3fb193b4c37d,GUM/authority_archive/AOR_20260124T200425Z_be5cecc/GUM_BUNDLE_v30_20260124T200425Z/logs/general_relativity__demo-63-gravitational-wave-inspiral-phasing.out.txt,GUM/authority_archive/AOR_20260124T200425Z_be5cecc/GUM_BUNDLE_v30_20260124T200425Z/logs/general_relativity__demo-63-gravitational-wave-inspiral-phasing.err.txt,6fc3e5f65630446f2fe06a96210c56d4f34a688019dc83b7c80bf658d6941356,d28d2cdfc44fd8aa9c1f8033ea98b5007dd8eb6976a2763e0873089fb2acf675,
64,substrate,PASS,run,0,0.079215,6c0694a41546b177acc71cc8e29d6ca3395e2c8feacedc5affe2063a4251aca5,GUM/authority_archive/AOR_20260124T200425Z_be5cecc/GUM_BUNDLE_v30_20260124T200425Z/logs/substrate__demo-64-base-gauge-invariance-integer-selector.out.txt,GUM/authority_archive/AOR_20260124T200425Z_be5cecc/GUM_BUNDLE_v30_20260124T200425Z/logs/substrate__demo-64-base-gauge-invariance-integer-selector.err.txt,1ada72bd17bfe7022c476cb47fa8877bb8a87b81f0abed9a01b1d63b1874ea74,32d37004e3a4e4a22878824c52cf7dc3139912100a73c1a7cbea4a11209afa9d,
65,infinity,PASS,run,0,2.950309,fbc59e24b80b3f94061e68fa213b7cc6b7b37090d1cb6b14ea0d05f2b4161d3a,GUM/authority_archive/AOR_20260124T200425Z_be5cecc/GUM_BUNDLE_v30_20260124T200425Z/logs/infinity__demo-65-continuous-lift-paradox.out.txt,GUM/authority_archive/AOR_20260124T200425Z_be5cecc/GUM_BUNDLE_v30_20260124T200425Z/logs/infinity__demo-65-continuous-lift-paradox.err.txt,6e128e747e8427a94d40ab555043e1bdcb2602b982b36c6b453cb093e5b4fbf3,a3eba0d313dafa5c500d29d333d096a3bd7baccce8c90289a9bda316c9fd2cc8,
66,quantum_gravity,PASS,cert,0,0.197405,5e431f10e79a0aa5947fb14b0922c6500871332b8d981cd7a3fb36723660742b,GUM/authority_archive/AOR_20260124T200425Z_be5cecc/GUM_BUNDLE_v30_20260124T200425Z/logs/quantum_gravity__demo-66-quantum-gravity-master-flagship-v4.out.txt,GUM/authority_archive/AOR_20260124T200425Z_be5cecc/GUM_BUNDLE_v30_20260124T200425Z/logs/quantum_gravity__demo-66-quantum-gravity-master-flagship-v4.err.txt,d950c22443a43bcd1c5081fe057fe319495d4db1eb34518b9c473a4fe6393b69,e3b0c44298fc1c149afbf4c8996fb92427ae41e4649b934ca495991b7852b855,
67,infinity,PASS,run,0,64.055064,4e00a354e960da013f75906cb6ca0071accf045710fb6808a159967fa31d9028,GUM/authority_archive/AOR_20260124T200425Z_be5cecc/GUM_BUNDLE_v30_20260124T200425Z/logs/infinity__demo-67-navier-stokes-master-flagship.out.txt,GUM/authority_archive/AOR_20260124T200425Z_be5cecc/GUM_BUNDLE_v30_20260124T200425Z/logs/infinity__demo-67-navier-stokes-master-flagship.err.txt,83d23c32b7d622220d69ff888ab32b984135d0cf256d1ebf65acf38f3d06e1e8,32e8f71a46c7d7eb2aa634cda46d75956e45cbdbed5b3446ba6b0833acc323c7,
68,general_relativity,PASS,run,0,1.623281,98e3c3a6c8865c0434d55a38347cb804432d52e62efeb5177ce4b26f1c35a424,GUM/authority_archive/AOR_20260124T200425Z_be5cecc/GUM_BUNDLE_v30_20260124T200425Z/logs/general_relativity__demo-68-general-relativity-master-flagship.out.txt,GUM/authority_archive/AOR_20260124T200425Z_be5cecc/GUM_BUNDLE_v30_20260124T200425Z/logs/general_relativity__demo-68-general-relativity-master-flagship.err.txt,f775cd8e231dbe08438ae8c34b07fb11578c4c464a09a82537f0c17bc48c4596,e3b0c44298fc1c149afbf4c8996fb92427ae41e4649b934ca495991b7852b855,
69,controllers,PASS,run,0,5.889261,f88eb6ef2f6c2ce1a11c4cd6664880b49a22c85486e91c5e4a1dec081383da1e,GUM/authority_archive/AOR_20260124T200425Z_be5cecc/GUM_BUNDLE_v30_20260124T200425Z/logs/controllers__demo-69-oatb-operator-admissibility-transfer-bridge.out.txt,GUM/authority_archive/AOR_20260124T200425Z_be5cecc/GUM_BUNDLE_v30_20260124T200425Z/logs/controllers__demo-69-oatb-operator-admissibility-transfer-bridge.err.txt,fcca58c7e4395ee196471c39368b312cebaeb827cfbc4a3a1819c5ec121737ba,d6bcb715ef78f3fbb4345e486fa1ab8f3b37a4d18a611d13f806ac86aa6bc5b1,
70,standard_model,PASS,run,0,0.747061,22d96168011f931ec65be9e4526037ea35ef55c2107effd54bd42b6d55b9492a,GUM/authority_archive/AOR_20260124T200425Z_be5cecc/GUM_BUNDLE_v30_20260124T200425Z/logs/standard_model__demo-70-higgs-master-flagship.out.txt,GUM/authority_archive/AOR_20260124T200425Z_be5cecc/GUM_BUNDLE_v30_20260124T200425Z/logs/standard_model__demo-70-higgs-master-flagship.err.txt,ee7de80ed22660c37a5e31dbafe53bda1f2237d53034b9b936b3bb611ea5c09f,c89620149a3f26388d03aa3885210e8e56cfab2074abb32e29de8d94eb4477e3,
71,foundations,PASS,run,0,0.233953,78bf2731adce3bdd46f7ac93c12c14f72890f7d41adbb4151b2dac9e234929d5,GUM/authority_archive/AOR_20260124T200425Z_be5cecc/GUM_BUNDLE_v30_20260124T200425Z/logs/foundations__demo-71-one-action-master-flagship.out.txt,GUM/authority_archive/AOR_20260124T200425Z_be5cecc/GUM_BUNDLE_v30_20260124T200425Z/logs/foundations__demo-71-one-action-master-flagship.err.txt,292708f28f793462f7daa6b24c6466d168533599930475a73159bc96eb5b7e9d,b53ac8327fcac23156a6eda205dc95a4866f4244317f14b28a92b0495363c309,
72,sm,PASS,run,0,0.152552,a3fbbc7f14770ef32eb551ff70d69e2613429935741a9228b5175af4c22f5b1b,GUM/authority_archive/AOR_20260124T200425Z_be5cecc/GUM_BUNDLE_v30_20260124T200425Z/logs/sm__demo-72-yukawa.out.txt,GUM/authority_archive/AOR_20260124T200425Z_be5cecc/GUM_BUNDLE_v30_20260124T200425Z/logs/sm__demo-72-yukawa.err.txt,669195e6f0fcc797b6d801c2112af362080bae51357d49a9e444736330d923ee,e3b0c44298fc1c149afbf4c8996fb92427ae41e4649b934ca495991b7852b855,
73,standard_model,PASS,run,0,0.158463,33514b94c635ef02f20ed4eaaf8dee9f01b6bf99dec80c9377d8d3a2920ea2a5,GUM/authority_archive/AOR_20260124T200425Z_be5cecc/GUM_BUNDLE_v30_20260124T200425Z/logs/standard_model__demo-73-flavor-completion-master-flagship.out.txt,GUM/authority_archive/AOR_20260124T200425Z_be5cecc/GUM_BUNDLE_v30_20260124T200425Z/logs/standard_model__demo-73-flavor-completion-master-flagship.err.txt,1c314a067d7498b6146e1733e8b4666fb72da9ea17315930df4fff9665a86562,d10597a140b1c7dc9c792266032e26b0fcb12fe1cda20e7da82aae08784a8378,
75,foundations,PASS,run,0,0.306697,25d17946394abb9bda0d483a7a2c86749104c75a5856bfbd5c0792fcdf7a19bc,GUM/authority_archive/AOR_20260124T200425Z_be5cecc/GUM_BUNDLE_v30_20260124T200425Z/logs/foundations__demo-75-prediction-ledger-master-flagship.out.txt,GUM/authority_archive/AOR_20260124T200425Z_be5cecc/GUM_BUNDLE_v30_20260124T200425Z/logs/foundations__demo-75-prediction-ledger-master-flagship.err.txt,e7cf10a628687c451a072d2cd908f8e375172604fde505d5de83f8b5756f8472,b624c400c9f4ab788d13ec2687cb4fc177507ab33b7f583e1409e60dd3ecbfaf,
76,standard_model,PASS,run,0,0.192387,8cb834c2124473a177c7a5fd8a20a59035318876f903f8ab7b44eb62a231056f,GUM/authority_archive/AOR_20260124T200425Z_be5cecc/GUM_BUNDLE_v30_20260124T200425Z/logs/standard_model__demo-76-primorial-yukawa-master-flagship.out.txt,GUM/authority_archive/AOR_20260124T200425Z_be5cecc/GUM_BUNDLE_v30_20260124T200425Z/logs/standard_model__demo-76-primorial-yukawa-master-flagship.err.txt,44fefda80d1fb3ff0561ce3b587f13a7221e2161daee7c6b29f10a9caf2925d1,7328c4ea2c0ba6f5367bfacbaf8b6fbf62d4b7289ba7736faf2bd88e9b9de183,
