[
  {
    "code_sha256": "95eb59745ae5dcbf02142a3309a0e91910f9b3e213dcfd7ac871d36c71fc4100",
    "demo_id": "11",
    "domain": "controllers",
    "mode": "run",
    "notes": "",
    "returncode": 0,
    "seconds": 5.79629,
    "status": "PASS",
    "stderr_path": "gum/authority_archive/AOR_20260220T032921Z_346c9f3/GUM_BUNDLE_v30_20260220T032921Z/logs/controllers__demo-11-step-tests-do-not-certify-admissibility.err.txt",
    "stderr_sha256": "e3b0c44298fc1c149afbf4c8996fb92427ae41e4649b934ca495991b7852b855",
    "stdout_path": "gum/authority_archive/AOR_20260220T032921Z_346c9f3/GUM_BUNDLE_v30_20260220T032921Z/logs/controllers__demo-11-step-tests-do-not-certify-admissibility.out.txt",
    "stdout_sha256": "49d06af0fd9f3a5f9321fadec5cc24e61745ea2a4b7706a4a9bba72bfb676dd4"
  },
  {
    "code_sha256": "33413bbb5d92dc70572d72e928f9adf6e165b493a74ed01da1bb19e1361460af",
    "demo_id": "33",
    "domain": "standard_model",
    "mode": "cert",
    "notes": "",
    "returncode": 0,
    "seconds": 0.588785,
    "status": "PASS",
    "stderr_path": "gum/authority_archive/AOR_20260220T032921Z_346c9f3/GUM_BUNDLE_v30_20260220T032921Z/logs/standard_model__demo-33-first-principles-standard-model-sm28-closure.err.txt",
    "stderr_sha256": "e3b0c44298fc1c149afbf4c8996fb92427ae41e4649b934ca495991b7852b855",
    "stdout_path": "gum/authority_archive/AOR_20260220T032921Z_346c9f3/GUM_BUNDLE_v30_20260220T032921Z/logs/standard_model__demo-33-first-principles-standard-model-sm28-closure.out.txt",
    "stdout_sha256": "e99729564a0915a259accc26d954a8893e430a92ebd9296f2122445d003a5428"
  },
  {
    "code_sha256": "396c4588e85de170a7ea898ac1311b1f09ae7cef7024cc8f619ccb82cc00de1e",
    "demo_id": "34",
    "domain": "bridge",
    "mode": "run",
    "notes": "",
    "returncode": 0,
    "seconds": 0.662306,
    "status": "PASS",
    "stderr_path": "gum/authority_archive/AOR_20260220T032921Z_346c9f3/GUM_BUNDLE_v30_20260220T032921Z/logs/bridge__demo-34-omega-sm-master-flagship.err.txt",
    "stderr_sha256": "e3b0c44298fc1c149afbf4c8996fb92427ae41e4649b934ca495991b7852b855",
    "stdout_path": "gum/authority_archive/AOR_20260220T032921Z_346c9f3/GUM_BUNDLE_v30_20260220T032921Z/logs/bridge__demo-34-omega-sm-master-flagship.out.txt",
    "stdout_sha256": "0e971f3e10fb38f6d6db90b4076fcc78b9e8d68d9a62b777752d65310531bf2e"
  },
  {
    "code_sha256": "ab74d2b829420baf3a834e637af3d36d1cc613f1b0b02ceba9894b1fb466f414",
    "demo_id": "36",
    "domain": "cosmo",
    "mode": "run",
    "notes": "",
    "returncode": 0,
    "seconds": 16.445449,
    "status": "PASS",
    "stderr_path": "gum/authority_archive/AOR_20260220T032921Z_346c9f3/GUM_BUNDLE_v30_20260220T032921Z/logs/cosmo__demo-36-big-bang-master-flagship.err.txt",
    "stderr_sha256": "8a127c70176f7aaf960b1d05e9a2d7faa5ada4d4a75b14b935cc1d256a2e6fd4",
    "stdout_path": "gum/authority_archive/AOR_20260220T032921Z_346c9f3/GUM_BUNDLE_v30_20260220T032921Z/logs/cosmo__demo-36-big-bang-master-flagship.out.txt",
    "stdout_sha256": "1635f84441e7634c3ded3cb6392275b5471f13cc8fde5f9f50b79e407979e53f"
  },
  {
    "code_sha256": "2278243c792ac568e606e097da916f958d26486f4c96367cef7bba5914aac20b",
    "demo_id": "37",
    "domain": "standard_model",
    "mode": "run",
    "notes": "",
    "returncode": 0,
    "seconds": 0.286965,
    "status": "PASS",
    "stderr_path": "gum/authority_archive/AOR_20260220T032921Z_346c9f3/GUM_BUNDLE_v30_20260220T032921Z/logs/standard_model__demo-37-math-sm-master-flagship.err.txt",
    "stderr_sha256": "fa7469ec28d85a25f1673d080d3e681cf07623cdbb3f031dcdbe5bf731de5745",
    "stdout_path": "gum/authority_archive/AOR_20260220T032921Z_346c9f3/GUM_BUNDLE_v30_20260220T032921Z/logs/standard_model__demo-37-math-sm-master-flagship.out.txt",
    "stdout_sha256": "86c81276f1e7d18e375ad1add2e3240cf7112b10d538606b9349d34cf537ea03"
  },
  {
    "code_sha256": "e72e7790657950b2f91ec38c3a9014394a10ed5ad0d48ede23e29a124edf1b64",
    "demo_id": "39",
    "domain": "cosmo",
    "mode": "run",
    "notes": "",
    "returncode": 0,
    "seconds": 0.332521,
    "status": "PASS",
    "stderr_path": "gum/authority_archive/AOR_20260220T032921Z_346c9f3/GUM_BUNDLE_v30_20260220T032921Z/logs/cosmo__demo-39-bb-a2.err.txt",
    "stderr_sha256": "1d387fcbd16df8bad75dbbdf152f1d6614037fa87fbdf67cfde1f2149321c33a",
    "stdout_path": "gum/authority_archive/AOR_20260220T032921Z_346c9f3/GUM_BUNDLE_v30_20260220T032921Z/logs/cosmo__demo-39-bb-a2.out.txt",
    "stdout_sha256": "b0c2a1c6424dd84a8217fc37034ae51178f9bea37c17918bb4096a7069cf3f66"
  },
  {
    "code_sha256": "b12dd83a0b14307ec17de80f1286391c85bdae6904536a556a4e35d9445e7eb4",
    "demo_id": "40",
    "domain": "substrate",
    "mode": "run",
    "notes": "",
    "returncode": 0,
    "seconds": 0.225522,
    "status": "PASS",
    "stderr_path": "gum/authority_archive/AOR_20260220T032921Z_346c9f3/GUM_BUNDLE_v30_20260220T032921Z/logs/substrate__demo-40-universe-from-zero.err.txt",
    "stderr_sha256": "e3b0c44298fc1c149afbf4c8996fb92427ae41e4649b934ca495991b7852b855",
    "stdout_path": "gum/authority_archive/AOR_20260220T032921Z_346c9f3/GUM_BUNDLE_v30_20260220T032921Z/logs/substrate__demo-40-universe-from-zero.out.txt",
    "stdout_sha256": "b4ef5419d85559ff127e239e5b67479153d4bb053cef5a1d89959f7757f307d0"
  },
  {
    "code_sha256": "f0912b3074c3de95e9b8e78cbc92dd5a1c576a65b31587889009bdbfd838e870",
    "demo_id": "51",
    "domain": "general_relativity",
    "mode": "run",
    "notes": "",
    "returncode": 0,
    "seconds": 0.061029,
    "status": "PASS",
    "stderr_path": "gum/authority_archive/AOR_20260220T032921Z_346c9f3/GUM_BUNDLE_v30_20260220T032921Z/logs/general_relativity__demo-51-qft-gr-vacuum-suppression.err.txt",
    "stderr_sha256": "35c80af9739e17ee611fa001036951b10126d268e2e8c09073659a1536a2a96b",
    "stdout_path": "gum/authority_archive/AOR_20260220T032921Z_346c9f3/GUM_BUNDLE_v30_20260220T032921Z/logs/general_relativity__demo-51-qft-gr-vacuum-suppression.out.txt",
    "stdout_sha256": "59b11d198f4d37d7589c29cbaef6b6eb4fef3de5dcc2489bbde15b52482fe884"
  },
  {
    "code_sha256": "3bb3ee1797bb7e46bbd488f7c27a631b6677a28d6b026623bd9fcb76bd04b45d",
    "demo_id": "53",
    "domain": "foundations",
    "mode": "run",
    "notes": "",
    "returncode": 0,
    "seconds": 0.529574,
    "status": "PASS",
    "stderr_path": "gum/authority_archive/AOR_20260220T032921Z_346c9f3/GUM_BUNDLE_v30_20260220T032921Z/logs/foundations__demo-53-lawbook-emergence.err.txt",
    "stderr_sha256": "e3b0c44298fc1c149afbf4c8996fb92427ae41e4649b934ca495991b7852b855",
    "stdout_path": "gum/authority_archive/AOR_20260220T032921Z_346c9f3/GUM_BUNDLE_v30_20260220T032921Z/logs/foundations__demo-53-lawbook-emergence.out.txt",
    "stdout_sha256": "6734da516df09d588bd58935c093ecba9d8b22fde4d3bd5b752a2410749171e6"
  },
  {
    "code_sha256": "c43a2a3b36de4d68a45882247387ca0746ecb1ebc27a486d1dd359b95820ee65",
    "demo_id": "54",
    "domain": "standard_model",
    "mode": "run",
    "notes": "",
    "returncode": 0,
    "seconds": 2.373776,
    "status": "PASS",
    "stderr_path": "gum/authority_archive/AOR_20260220T032921Z_346c9f3/GUM_BUNDLE_v30_20260220T032921Z/logs/standard_model__demo-54-master-flagship-demo.err.txt",
    "stderr_sha256": "895fd24a412edb6859f1ef50adcb189acc1efbc15057b2383c6dddae5d8ae2ac",
    "stdout_path": "gum/authority_archive/AOR_20260220T032921Z_346c9f3/GUM_BUNDLE_v30_20260220T032921Z/logs/standard_model__demo-54-master-flagship-demo.out.txt",
    "stdout_sha256": "748db4d777daea481da370349012e28a9f90c7cb8f13148fe87e6f7fbe5f0699"
  },
  {
    "code_sha256": "d614263c9bf5aa4aba59c632765808ae521f5834390a1b6dc9cfb2ce712a3a49",
    "demo_id": "55",
    "domain": "standard_model",
    "mode": "run",
    "notes": "",
    "returncode": 0,
    "seconds": 0.053154,
    "status": "PASS",
    "stderr_path": "gum/authority_archive/AOR_20260220T032921Z_346c9f3/GUM_BUNDLE_v30_20260220T032921Z/logs/standard_model__demo-55-proton-charge-radius.err.txt",
    "stderr_sha256": "e3b0c44298fc1c149afbf4c8996fb92427ae41e4649b934ca495991b7852b855",
    "stdout_path": "gum/authority_archive/AOR_20260220T032921Z_346c9f3/GUM_BUNDLE_v30_20260220T032921Z/logs/standard_model__demo-55-proton-charge-radius.out.txt",
    "stdout_sha256": "724a03eccea442e87816eb95a0dfca6ed938ed92c1874e258e84c35bb3cc2c28"
  },
  {
    "code_sha256": "833acd006473c7d3b15edab630458e0d6098299041ac0850bf0dd2e8805e90a6",
    "demo_id": "56",
    "domain": "controllers",
    "mode": "run",
    "notes": "",
    "returncode": 0,
    "seconds": 24.497844,
    "status": "PASS",
    "stderr_path": "gum/authority_archive/AOR_20260220T032921Z_346c9f3/GUM_BUNDLE_v30_20260220T032921Z/logs/controllers__demo-56-deterministic-operator-calculus-vs-fd.err.txt",
    "stderr_sha256": "f5e77d1c0760411daab72a905be3a6857e6de36e2c294f89baae057b14b68404",
    "stdout_path": "gum/authority_archive/AOR_20260220T032921Z_346c9f3/GUM_BUNDLE_v30_20260220T032921Z/logs/controllers__demo-56-deterministic-operator-calculus-vs-fd.out.txt",
    "stdout_sha256": "f410a76b249e07aadbc69887c518eeba864d751dd1eebdb730e3cc13c8fec241"
  },
  {
    "code_sha256": "4a573b4927fb8682d04293870edd17e90aa84c972f12da542e448a4eebc9b7be",
    "demo_id": "58",
    "domain": "general_relativity",
    "mode": "run",
    "notes": "",
    "returncode": 0,
    "seconds": 0.946047,
    "status": "PASS",
    "stderr_path": "gum/authority_archive/AOR_20260220T032921Z_346c9f3/GUM_BUNDLE_v30_20260220T032921Z/logs/general_relativity__demo-58-emergent-weak-field-gr.err.txt",
    "stderr_sha256": "f88b058fa935fe5c42dfe6b7c419ef5aff0af563f54f74a6a449e918601de914",
    "stdout_path": "gum/authority_archive/AOR_20260220T032921Z_346c9f3/GUM_BUNDLE_v30_20260220T032921Z/logs/general_relativity__demo-58-emergent-weak-field-gr.out.txt",
    "stdout_sha256": "247f7e05ee9b81b6f793adf98418c1910a0d1935e30b9bdd614b97f6d14e86e2"
  },
  {
    "code_sha256": "e2c60511de1f189674d6de23fa3a2e49fe5515c9a6b14738e715d1adf3cf1b1f",
    "demo_id": "59",
    "domain": "controllers",
    "mode": "run",
    "notes": "",
    "returncode": 0,
    "seconds": 0.697576,
    "status": "PASS",
    "stderr_path": "gum/authority_archive/AOR_20260220T032921Z_346c9f3/GUM_BUNDLE_v30_20260220T032921Z/logs/controllers__demo-59-electromagnetism.err.txt",
    "stderr_sha256": "d08bda10cb25f4a936eeab5960d1419880898b4d7558a46719818b03c013a318",
    "stdout_path": "gum/authority_archive/AOR_20260220T032921Z_346c9f3/GUM_BUNDLE_v30_20260220T032921Z/logs/controllers__demo-59-electromagnetism.out.txt",
    "stdout_sha256": "3f60e9bf50e7175cc7bb4d4dc3a2945c7c98d2cfa5a6539574434019c1c1a00f"
  },
  {
    "code_sha256": "fba4ac6667a7e649d774e3aee773be53362fd17c92af83a116c2122536b660f2",
    "demo_id": "60",
    "domain": "quantum",
    "mode": "run",
    "notes": "",
    "returncode": 0,
    "seconds": 0.271685,
    "status": "PASS",
    "stderr_path": "gum/authority_archive/AOR_20260220T032921Z_346c9f3/GUM_BUNDLE_v30_20260220T032921Z/logs/quantum__demo-60-quantum-master-flagship.err.txt",
    "stderr_sha256": "e3b0c44298fc1c149afbf4c8996fb92427ae41e4649b934ca495991b7852b855",
    "stdout_path": "gum/authority_archive/AOR_20260220T032921Z_346c9f3/GUM_BUNDLE_v30_20260220T032921Z/logs/quantum__demo-60-quantum-master-flagship.out.txt",
    "stdout_sha256": "fa37c38dc1f2b56f723414c39a553c08ee06b0eba9904e54f69ce86a3b786281"
  },
  {
    "code_sha256": "ac29eabd147832e91543a2f1b2975d222ea526e2536e9c34a63e3fb193b4c37d",
    "demo_id": "63",
    "domain": "general_relativity",
    "mode": "run",
    "notes": "",
    "returncode": 0,
    "seconds": 0.132221,
    "status": "PASS",
    "stderr_path": "gum/authority_archive/AOR_20260220T032921Z_346c9f3/GUM_BUNDLE_v30_20260220T032921Z/logs/general_relativity__demo-63-gravitational-wave-inspiral-phasing.err.txt",
    "stderr_sha256": "d28d2cdfc44fd8aa9c1f8033ea98b5007dd8eb6976a2763e0873089fb2acf675",
    "stdout_path": "gum/authority_archive/AOR_20260220T032921Z_346c9f3/GUM_BUNDLE_v30_20260220T032921Z/logs/general_relativity__demo-63-gravitational-wave-inspiral-phasing.out.txt",
    "stdout_sha256": "8260d4993df32a34784d112191a81dcccc1303d7e7452f5ddc2c05fd3b8f5d2b"
  },
  {
    "code_sha256": "6c0694a41546b177acc71cc8e29d6ca3395e2c8feacedc5affe2063a4251aca5",
    "demo_id": "64",
    "domain": "substrate",
    "mode": "run",
    "notes": "",
    "returncode": 0,
    "seconds": 0.076407,
    "status": "PASS",
    "stderr_path": "gum/authority_archive/AOR_20260220T032921Z_346c9f3/GUM_BUNDLE_v30_20260220T032921Z/logs/substrate__demo-64-base-gauge-invariance-integer-selector.err.txt",
    "stderr_sha256": "32d37004e3a4e4a22878824c52cf7dc3139912100a73c1a7cbea4a11209afa9d",
    "stdout_path": "gum/authority_archive/AOR_20260220T032921Z_346c9f3/GUM_BUNDLE_v30_20260220T032921Z/logs/substrate__demo-64-base-gauge-invariance-integer-selector.out.txt",
    "stdout_sha256": "23e1fa7e7237bc9a09feaa4b7711715bfbf5bf4f02432708345272d63b7a0737"
  },
  {
    "code_sha256": "fbc59e24b80b3f94061e68fa213b7cc6b7b37090d1cb6b14ea0d05f2b4161d3a",
    "demo_id": "65",
    "domain": "infinity",
    "mode": "run",
    "notes": "",
    "returncode": 0,
    "seconds": 3.047489,
    "status": "PASS",
    "stderr_path": "gum/authority_archive/AOR_20260220T032921Z_346c9f3/GUM_BUNDLE_v30_20260220T032921Z/logs/infinity__demo-65-continuous-lift-paradox.err.txt",
    "stderr_sha256": "a3eba0d313dafa5c500d29d333d096a3bd7baccce8c90289a9bda316c9fd2cc8",
    "stdout_path": "gum/authority_archive/AOR_20260220T032921Z_346c9f3/GUM_BUNDLE_v30_20260220T032921Z/logs/infinity__demo-65-continuous-lift-paradox.out.txt",
    "stdout_sha256": "9426280b82c474672e1ab624f14e121440c10919cfa1d89b42819f36175e8a74"
  },
  {
    "code_sha256": "5e431f10e79a0aa5947fb14b0922c6500871332b8d981cd7a3fb36723660742b",
    "demo_id": "66",
    "domain": "quantum_gravity",
    "mode": "cert",
    "notes": "",
    "returncode": 0,
    "seconds": 0.162673,
    "status": "PASS",
    "stderr_path": "gum/authority_archive/AOR_20260220T032921Z_346c9f3/GUM_BUNDLE_v30_20260220T032921Z/logs/quantum_gravity__demo-66-quantum-gravity-master-flagship-v4.err.txt",
    "stderr_sha256": "e3b0c44298fc1c149afbf4c8996fb92427ae41e4649b934ca495991b7852b855",
    "stdout_path": "gum/authority_archive/AOR_20260220T032921Z_346c9f3/GUM_BUNDLE_v30_20260220T032921Z/logs/quantum_gravity__demo-66-quantum-gravity-master-flagship-v4.out.txt",
    "stdout_sha256": "4cfbca12bb6628ffee4a0a2d94146fca29b51be0bf33c6458e3ae5609a4cbd01"
  },
  {
    "code_sha256": "4e00a354e960da013f75906cb6ca0071accf045710fb6808a159967fa31d9028",
    "demo_id": "67",
    "domain": "infinity",
    "mode": "run",
    "notes": "",
    "returncode": 0,
    "seconds": 64.806881,
    "status": "PASS",
    "stderr_path": "gum/authority_archive/AOR_20260220T032921Z_346c9f3/GUM_BUNDLE_v30_20260220T032921Z/logs/infinity__demo-67-navier-stokes-master-flagship.err.txt",
    "stderr_sha256": "32e8f71a46c7d7eb2aa634cda46d75956e45cbdbed5b3446ba6b0833acc323c7",
    "stdout_path": "gum/authority_archive/AOR_20260220T032921Z_346c9f3/GUM_BUNDLE_v30_20260220T032921Z/logs/infinity__demo-67-navier-stokes-master-flagship.out.txt",
    "stdout_sha256": "9c5dfdd6f4a935ea621e897dfbc3b69399b0a22b889d34abc2ad9c8aa285dab9"
  },
  {
    "code_sha256": "98e3c3a6c8865c0434d55a38347cb804432d52e62efeb5177ce4b26f1c35a424",
    "demo_id": "68",
    "domain": "general_relativity",
    "mode": "run",
    "notes": "",
    "returncode": 0,
    "seconds": 1.652878,
    "status": "PASS",
    "stderr_path": "gum/authority_archive/AOR_20260220T032921Z_346c9f3/GUM_BUNDLE_v30_20260220T032921Z/logs/general_relativity__demo-68-general-relativity-master-flagship.err.txt",
    "stderr_sha256": "e3b0c44298fc1c149afbf4c8996fb92427ae41e4649b934ca495991b7852b855",
    "stdout_path": "gum/authority_archive/AOR_20260220T032921Z_346c9f3/GUM_BUNDLE_v30_20260220T032921Z/logs/general_relativity__demo-68-general-relativity-master-flagship.out.txt",
    "stdout_sha256": "55e0c43d592ea25bb89bfc76541ca60ce918a82ee57f10b8e07de72933d7b2a5"
  },
  {
    "code_sha256": "f88eb6ef2f6c2ce1a11c4cd6664880b49a22c85486e91c5e4a1dec081383da1e",
    "demo_id": "69",
    "domain": "controllers",
    "mode": "run",
    "notes": "",
    "returncode": 0,
    "seconds": 5.819319,
    "status": "PASS",
    "stderr_path": "gum/authority_archive/AOR_20260220T032921Z_346c9f3/GUM_BUNDLE_v30_20260220T032921Z/logs/controllers__demo-69-oatb-operator-admissibility-transfer-bridge.err.txt",
    "stderr_sha256": "d6bcb715ef78f3fbb4345e486fa1ab8f3b37a4d18a611d13f806ac86aa6bc5b1",
    "stdout_path": "gum/authority_archive/AOR_20260220T032921Z_346c9f3/GUM_BUNDLE_v30_20260220T032921Z/logs/controllers__demo-69-oatb-operator-admissibility-transfer-bridge.out.txt",
    "stdout_sha256": "4edd44ba77d65087052167d42cb9c7f34172191eea5de9045febabe6d87eef8e"
  },
  {
    "code_sha256": "22d96168011f931ec65be9e4526037ea35ef55c2107effd54bd42b6d55b9492a",
    "demo_id": "70",
    "domain": "standard_model",
    "mode": "run",
    "notes": "",
    "returncode": 0,
    "seconds": 0.765033,
    "status": "PASS",
    "stderr_path": "gum/authority_archive/AOR_20260220T032921Z_346c9f3/GUM_BUNDLE_v30_20260220T032921Z/logs/standard_model__demo-70-higgs-master-flagship.err.txt",
    "stderr_sha256": "c89620149a3f26388d03aa3885210e8e56cfab2074abb32e29de8d94eb4477e3",
    "stdout_path": "gum/authority_archive/AOR_20260220T032921Z_346c9f3/GUM_BUNDLE_v30_20260220T032921Z/logs/standard_model__demo-70-higgs-master-flagship.out.txt",
    "stdout_sha256": "c4bb9e4e4282a8569f954713b136e544ad689eb549964e7ed64fc166ab7380e7"
  },
  {
    "code_sha256": "78bf2731adce3bdd46f7ac93c12c14f72890f7d41adbb4151b2dac9e234929d5",
    "demo_id": "71",
    "domain": "foundations",
    "mode": "run",
    "notes": "",
    "returncode": 0,
    "seconds": 0.276351,
    "status": "PASS",
    "stderr_path": "gum/authority_archive/AOR_20260220T032921Z_346c9f3/GUM_BUNDLE_v30_20260220T032921Z/logs/foundations__demo-71-one-action-master-flagship.err.txt",
    "stderr_sha256": "b53ac8327fcac23156a6eda205dc95a4866f4244317f14b28a92b0495363c309",
    "stdout_path": "gum/authority_archive/AOR_20260220T032921Z_346c9f3/GUM_BUNDLE_v30_20260220T032921Z/logs/foundations__demo-71-one-action-master-flagship.out.txt",
    "stdout_sha256": "a4e61ff87fdd41f3072610584c459ba15c5facfd285efc654049e83e37530a83"
  },
  {
    "code_sha256": "33514b94c635ef02f20ed4eaaf8dee9f01b6bf99dec80c9377d8d3a2920ea2a5",
    "demo_id": "73",
    "domain": "standard_model",
    "mode": "run",
    "notes": "",
    "returncode": 0,
    "seconds": 0.162607,
    "status": "PASS",
    "stderr_path": "gum/authority_archive/AOR_20260220T032921Z_346c9f3/GUM_BUNDLE_v30_20260220T032921Z/logs/standard_model__demo-73-flavor-completion-master-flagship.err.txt",
    "stderr_sha256": "d10597a140b1c7dc9c792266032e26b0fcb12fe1cda20e7da82aae08784a8378",
    "stdout_path": "gum/authority_archive/AOR_20260220T032921Z_346c9f3/GUM_BUNDLE_v30_20260220T032921Z/logs/standard_model__demo-73-flavor-completion-master-flagship.out.txt",
    "stdout_sha256": "3370e00d4f337cecc53e306d73b1f72c1a43202b58ba16d6eccd9d0dc3cfce35"
  },
  {
    "code_sha256": "25d17946394abb9bda0d483a7a2c86749104c75a5856bfbd5c0792fcdf7a19bc",
    "demo_id": "75",
    "domain": "foundations",
    "mode": "run",
    "notes": "",
    "returncode": 0,
    "seconds": 0.165696,
    "status": "PASS",
    "stderr_path": "gum/authority_archive/AOR_20260220T032921Z_346c9f3/GUM_BUNDLE_v30_20260220T032921Z/logs/foundations__demo-75-prediction-ledger-master-flagship.err.txt",
    "stderr_sha256": "b624c400c9f4ab788d13ec2687cb4fc177507ab33b7f583e1409e60dd3ecbfaf",
    "stdout_path": "gum/authority_archive/AOR_20260220T032921Z_346c9f3/GUM_BUNDLE_v30_20260220T032921Z/logs/foundations__demo-75-prediction-ledger-master-flagship.out.txt",
    "stdout_sha256": "dde25fced7c088d380aeb6cb15e69c3c42c9d47212ae31e950d98ecc3f168e0d"
  },
  {
    "code_sha256": "8cb834c2124473a177c7a5fd8a20a59035318876f903f8ab7b44eb62a231056f",
    "demo_id": "76",
    "domain": "standard_model",
    "mode": "run",
    "notes": "",
    "returncode": 0,
    "seconds": 0.248244,
    "status": "PASS",
    "stderr_path": "gum/authority_archive/AOR_20260220T032921Z_346c9f3/GUM_BUNDLE_v30_20260220T032921Z/logs/standard_model__demo-76-primorial-yukawa-master-flagship.err.txt",
    "stderr_sha256": "7328c4ea2c0ba6f5367bfacbaf8b6fbf62d4b7289ba7736faf2bd88e9b9de183",
    "stdout_path": "gum/authority_archive/AOR_20260220T032921Z_346c9f3/GUM_BUNDLE_v30_20260220T032921Z/logs/standard_model__demo-76-primorial-yukawa-master-flagship.out.txt",
    "stdout_sha256": "2f4bcfccc3a57cff65ef8687ab16267798028b6ec8888c1d6d98809a62995820"
  },
  {
    "code_sha256": "ed4a0b02f32ec5e0dedebf7fc90f6bceb109b52862574e24cf5768783c5b7873",
    "demo_id": "77",
    "domain": "foundations",
    "mode": "run",
    "notes": "",
    "returncode": 0,
    "seconds": 26.011215,
    "status": "PASS",
    "stderr_path": "gum/authority_archive/AOR_20260220T032921Z_346c9f3/GUM_BUNDLE_v30_20260220T032921Z/logs/foundations__demo-77-grammar-rigidity-master-flagship.err.txt",
    "stderr_sha256": "d2917a5cff53a3e7b4f04e263d5d6ab7e9e6d4db83e27a2e8e540560420d1815",
    "stdout_path": "gum/authority_archive/AOR_20260220T032921Z_346c9f3/GUM_BUNDLE_v30_20260220T032921Z/logs/foundations__demo-77-grammar-rigidity-master-flagship.out.txt",
    "stdout_sha256": "f0ed425acd1b98cfca28857bb32955630198ee91ad700bc36c23a44f832a4530"
  },
  {
    "code_sha256": "088394beaee28255ee9e5ee4cc7908f7d72065175c479b6627e88bbc6799d9e5",
    "demo_id": "78",
    "domain": "foundations",
    "mode": "run",
    "notes": "",
    "returncode": 0,
    "seconds": 983.288719,
    "status": "PASS",
    "stderr_path": "gum/authority_archive/AOR_20260220T032921Z_346c9f3/GUM_BUNDLE_v30_20260220T032921Z/logs/foundations__demo-78-midlift-protocol-master-flagship.err.txt",
    "stderr_sha256": "e3b0c44298fc1c149afbf4c8996fb92427ae41e4649b934ca495991b7852b855",
    "stdout_path": "gum/authority_archive/AOR_20260220T032921Z_346c9f3/GUM_BUNDLE_v30_20260220T032921Z/logs/foundations__demo-78-midlift-protocol-master-flagship.out.txt",
    "stdout_sha256": "e3e3a9bacbbb62534f88aafabe4401620141b85c05f97ada61c2437961774650"
  }
]