{
  "CKM_abs_ALQ": [
    [
      0.974920242253216, 
      0.22251918334516066, 
      0.003966646988761312
    ], 
    [
      0.22237868876055417, 
      0.9740361858770324, 
      0.04244086930377076
    ], 
    [
      0.00884533945460866, 
      0.04169798131236023, 
      0.9990911061181592
    ]
  ], 
  "GammaZ_GeV": 1.8087003708841025, 
  "GammaZ_over_MZ": 0.025374961265705424, 
  "GammaZ_tree_GeV": 1.7631211348396116, 
  "Lambda_cutoff_GeV": 9.176094156262384e+18, 
  "Lambda_star": 9.176094156262384e+18, 
  "Lambda_star_GeV": 9.176094156262384e+18, 
  "MW_GeV": 62.411487030859234, 
  "MW_over_MZ": 0.8755950357709131, 
  "MZ_GeV": 71.2789411556101, 
  "PMNS_abs_ALQ": [
    [
      0.822182783714213, 
      0.5493649725428604, 
      0.14904226617617444
    ], 
    [
      0.30975479899038894, 
      0.6443281485826059, 
      0.6992089826700849
    ], 
    [
      0.4775640634159684, 
      0.5320144395475498, 
      0.699208982670085
    ]
  ], 
  "SCFP": {
    "ablation": {
      "baseline_sizes": {
        "SU(2)": 1, 
        "SU(3)": 2, 
        "U(1)": 3
      }, 
      "baseline_triple": [
        137, 
        107, 
        103
      ], 
      "drop_C2_sizes": {
        "SU(2)": 13, 
        "SU(3)": 15, 
        "U(1)": 14
      }, 
      "drop_C2_triple": [
        101, 
        97, 
        103
      ], 
      "drop_C3_sizes": {
        "SU(2)": 1, 
        "SU(3)": 2, 
        "U(1)": 3
      }, 
      "drop_C3_triple": [
        137, 
        107, 
        103
      ], 
      "drop_C4_sizes": {
        "SU(2)": 1, 
        "SU(3)": 2, 
        "U(1)": 3
      }, 
      "drop_C4_triple": [
        137, 
        107, 
        103
      ]
    }, 
    "lane_survivor_lists": {
      "SU(2)": [
        107
      ], 
      "SU(3)": [
        103, 
        137
      ], 
      "U(1)": [
        103, 
        107, 
        137
      ]
    }, 
    "lanes": {
      "SU(2)": {
        "q": 13, 
        "residues": [
          3
        ], 
        "span": [
          97, 
          181
        ], 
        "tau": 0.3
      }, 
      "SU(3)": {
        "q": 17, 
        "residues": [
          1
        ], 
        "span": [
          97, 
          181
        ], 
        "tau": 0.3
      }, 
      "U(1)": {
        "q": 17, 
        "residues": [
          1, 
          5
        ], 
        "span": [
          97, 
          181
        ], 
        "tau": 0.31
      }
    }, 
    "survivors": {
      "SU2": 107, 
      "SU3": 103, 
      "wU": 137
    }, 
    "tau_common_delta_interval": {
      "delta_max": 0.012, 
      "delta_min": -0.02, 
      "stable_count": 33
    }, 
    "tau_robustness": {
      "SU(2)": {
        "breaks": 0, 
        "stable_count": 20, 
        "tau_max": 0.318, 
        "tau_min": 0.28
      }, 
      "SU(3)": {
        "breaks": 0, 
        "stable_count": 32, 
        "tau_max": 0.311, 
        "tau_min": 0.28
      }, 
      "U(1)": {
        "breaks": 0, 
        "stable_count": 21, 
        "tau_max": 0.33, 
        "tau_min": 0.29
      }
    }
  }, 
  "Sbar": 43.375, 
  "alpha_em": 0.0072992700729927005, 
  "alpha_s": 0.11764705882352941, 
  "alq": {
    "CKM_abs": [
      [
        0.974920242253216, 
        0.22251918334516066, 
        0.003966646988761312
      ], 
      [
        0.22237868876055417, 
        0.9740361858770324, 
        0.04244086930377076
      ], 
      [
        0.00884533945460866, 
        0.04169798131236023, 
        0.9990911061181592
      ]
    ], 
    "PMNS_abs": [
      [
        0.822182783714213, 
        0.5493649725428604, 
        0.14904226617617444
      ], 
      [
        0.30975479899038894, 
        0.6443281485826059, 
        0.6992089826700849
      ], 
      [
        0.4775640634159684, 
        0.5320144395475498, 
        0.699208982670085
      ]
    ], 
    "budgets": {
      "DRAL_q_max": 200, 
      "DRAL_r_max": 2, 
      "NDLL_E_max": 6, 
      "PWEL_L1_max": 12
    }, 
    "mixing_dral": {
      "CKM_delta": {
        "expr": "\u03c0*5/13", 
        "pqr": [
          5, 
          13, 
          0
        ], 
        "theta_rad": 1.2083048667653051
      }, 
      "CKM_theta12": {
        "expr": "\u03c0*1/14", 
        "pqr": [
          1, 
          14, 
          0
        ], 
        "theta_rad": 0.2243994752564138
      }, 
      "CKM_theta13": {
        "expr": "\u03c0*1/(198*2^2)", 
        "pqr": [
          1, 
          198, 
          2
        ], 
        "theta_rad": 0.003966657390896204
      }, 
      "CKM_theta23": {
        "expr": "\u03c0*1/74", 
        "pqr": [
          1, 
          74, 
          0
        ], 
        "theta_rad": 0.042453954778240446
      }, 
      "PMNS_delta": {
        "expr": "\u03c0*12/11", 
        "pqr": [
          12, 
          11, 
          0
        ], 
        "theta_rad": 3.4271919857343196
      }, 
      "PMNS_theta12": {
        "expr": "\u03c0*3/16", 
        "pqr": [
          3, 
          16, 
          0
        ], 
        "theta_rad": 0.5890486225480862
      }, 
      "PMNS_theta13": {
        "expr": "\u03c0*1/21", 
        "pqr": [
          1, 
          21, 
          0
        ], 
        "theta_rad": 0.14959965017094254
      }, 
      "PMNS_theta23": {
        "expr": "\u03c0*1/4", 
        "pqr": [
          1, 
          4, 
          0
        ], 
        "theta_rad": 0.7853981633974483
      }
    }, 
    "nu_dressed_eV": [
      0.05010429884179998, 
      0.09947176975945583, 
      0.148978776685378
    ], 
    "nu_policy": {
      "m1": {
        "exp": [
          5, 
          -6, 
          4
        ], 
        "expr": "2^5 3^-6 5^4", 
        "mult": 27.434842249657063
      }, 
      "m2": {
        "exp": [
          3, 
          -3, 
          5
        ], 
        "expr": "2^3 3^-3 5^5", 
        "mult": 925.9259259259259
      }, 
      "m3": {
        "exp": [
          1, 
          2, 
          6
        ], 
        "expr": "2^1 3^2 5^6", 
        "mult": 281250.0
      }
    }, 
    "nu_raw_eV": [
      0.0018263016927836096, 
      0.00010742951134021231, 
      5.297023171035662e-07
    ], 
    "palette_dressed_GeV": {
      "b": 4.193382571610236, 
      "c": 1.2660434915492127, 
      "d": 0.004702575280275803, 
      "e": 0.0005109920395174712, 
      "mu": 0.10481194659117438, 
      "s": 0.0931412542339313, 
      "t": 171.6501617332633, 
      "tau": 1.7818030920499646, 
      "u": 0.002194660575812841
    }, 
    "palette_policy": {
      "b": {
        "expr": "135/128", 
        "factor": [
          135, 
          128
        ], 
        "mult": 1.0546875
      }, 
      "c": {
        "expr": "648/625", 
        "factor": [
          648, 
          625
        ], 
        "mult": 1.0368
      }, 
      "d": {
        "expr": "225/256", 
        "factor": [
          225, 
          256
        ], 
        "mult": 0.87890625
      }, 
      "e": {
        "expr": "81/80", 
        "factor": [
          81, 
          80
        ], 
        "mult": 1.0125
      }, 
      "mu": {
        "expr": "128/125", 
        "factor": [
          128, 
          125
        ], 
        "mult": 1.024
      }, 
      "s": {
        "expr": "128/125", 
        "factor": [
          128, 
          125
        ], 
        "mult": 1.024
      }, 
      "t": {
        "expr": "80/81", 
        "factor": [
          80, 
          81
        ], 
        "mult": 0.9876543209876543
      }, 
      "tau": {
        "expr": "128/125", 
        "factor": [
          128, 
          125
        ], 
        "mult": 1.024
      }, 
      "u": {
        "expr": "135/128", 
        "factor": [
          135, 
          128
        ], 
        "mult": 1.0546875
      }
    }, 
    "palette_raw_GeV": {
      "b": 3.975947919748965, 
      "c": 1.221106762682497, 
      "d": 0.005350485652224913, 
      "e": 0.0005046834958197246, 
      "mu": 0.10235541659294373, 
      "s": 0.09095825608782353, 
      "t": 173.7957887549291, 
      "tau": 1.7400420820800435, 
      "u": 0.0020808633607706938
    }
  }, 
  "anomalies": {
    "SU2^2U1": "0", 
    "SU3^2U1": "0", 
    "U1^3": "0", 
    "gravU1": "0"
  }, 
  "beta_coeffs": {
    "b1": 4.1, 
    "b1_frac": "41/10", 
    "b2": -3.1666666666666665, 
    "b2_frac": "-19/6", 
    "b3": -7.0, 
    "b3_frac": "-7"
  }, 
  "code_sha256": "33413bbb5d92dc70572d72e928f9adf6e165b493a74ed01da1bb19e1361460af", 
  "cross_sections": null, 
  "ell_star": 1.089788294421034e-19, 
  "fermion_masses_GeV": {
    "b": 3.2205104337691295, 
    "c": 0.9890942108249051, 
    "d": 0.004333883445286756, 
    "e": 0.0004087926946842712, 
    "mu": 0.08290769742053711, 
    "s": 0.07367601856987487, 
    "t": 140.7742662448466, 
    "tau": 1.409430856149131, 
    "u": 0.0016854954591641214
  }, 
  "fermion_yukawas": {
    "b": 0.022877124631342376, 
    "c": 0.007026100985705642, 
    "d": 3.078604890576306e-05, 
    "e": 2.9038879447843412e-06, 
    "mu": 0.0005889407178747924, 
    "s": 0.000523362831397972, 
    "t": 1.0, 
    "tau": 0.010011992203871473, 
    "u": 1.1973036721303624e-05
  }, 
  "gammaZ_partials": {
    "b": 0.2757718532631628, 
    "c": 0.21527958371235367, 
    "d": 0.27807921145099995, 
    "e": 0.06086140717989316, 
    "mu": 0.060860915340394076, 
    "nu_total": 0.3635526535796407, 
    "s": 0.27807800675013344, 
    "t": 0.0, 
    "tau": 0.06071931727401563, 
    "u": 0.21549742233350908
  }, 
  "kappa": 0.212302369, 
  "lambda_H": 0.18674386636047224, 
  "mH_GeV": 121.66802017977152, 
  "margins": [
    0.02989196286983973, 
    0.0277452961531423, 
    0.022821166159766478, 
    0.019047430615167376
  ], 
  "mixing": {
    "ckm_abs": [
      [
        0.9749212218131095, 
        0.22251940692331412, 
        0.003704699843482176
      ], 
      [
        0.22238583621405578, 
        0.9740825477305745, 
        0.04132469065931764
      ], 
      [
        0.008552842206478577, 
        0.040599307250366604, 
        0.9991389018254576
      ]
    ], 
    "ckm_angles": {
      "delta": 1.1938052083641213, 
      "theta12": 0.2243994752564138, 
      "theta13": 0.003704708317912492, 
      "theta23": 0.04133674544197096
    }, 
    "ckm_denoms": {
      "n12": 14, 
      "n13": 848, 
      "n23": 76
    }, 
    "ckm_matrix": [
      [
        [
          0.9749212218131095, 
          0.0
        ], 
        [
          0.22251940692331412, 
          0.0
        ], 
        [
          0.001363790972712873, 
          -0.0034445428017436126
        ]
      ], 
      [
        [
          -0.22238579291321925, 
          -0.00013877674012966436
        ], 
        [
          0.9740825472155779, 
          -3.167488533173354e-05
        ], 
        [
          0.04132469065931764, 
          0.0
        ]
      ], 
      [
        [
          0.00786720977772928, 
          -0.003355312224238179
        ], 
        [
          -0.04059208366788666, 
          -0.0007658281197238637
        ], 
        [
          0.9991389018254576, 
          0.0
        ]
      ]
    ], 
    "ckm_phase_den": 50, 
    "ckm_phase_frac": "19/50", 
    "ckm_phase_num": 19, 
    "ckm_phase_value": 0.38, 
    "ckm_unitarity_defect": 1.1172660645301544e-16, 
    "pmns_abs": [
      [
        0.7999809429779494, 
        0.5812201766673118, 
        0.14904226617617444
      ], 
      [
        0.4242820352502041, 
        0.5754055553411085, 
        0.6992089826700849
      ], 
      [
        0.424282035250204, 
        0.5754055553411084, 
        0.699208982670085
      ]
    ], 
    "pmns_angles": {
      "delta": 1.5707963267948966, 
      "theta12": 0.6283185307179586, 
      "theta13": 0.14959965017094254, 
      "theta23": 0.7853981633974483
    }, 
    "pmns_denoms": {
      "n12": 5, 
      "n13": 21, 
      "n23": 4
    }, 
    "pmns_matrix": [
      [
        [
          0.7999809429779494, 
          0.0
        ], 
        [
          0.5812201766673118, 
          0.0
        ], 
        [
          9.126206710515993e-18, 
          -0.14904226617617444
        ]
      ], 
      [
        [
          -0.41562693777745346, 
          -0.08526132786786905
        ], 
        [
          0.5720614028176844, 
          -0.0619459806902155
        ], 
        [
          0.6992089826700849, 
          0.0
        ]
      ], 
      [
        [
          0.4156269377774534, 
          -0.08526132786786905
        ], 
        [
          -0.5720614028176843, 
          -0.06194598069021551
        ], 
        [
          0.699208982670085, 
          0.0
        ]
      ]
    ], 
    "pmns_phase_frac": "1/2", 
    "pmns_phase_value": 0.5, 
    "pmns_unitarity_defect": 4.046035655711836e-17, 
    "q2": 30, 
    "q3": 17, 
    "two_pow_v2": 8, 
    "v2": 3
  }, 
  "mixing_ALQ": {
    "CKM_delta": {
      "expr": "\u03c0*5/13", 
      "pqr": [
        5, 
        13, 
        0
      ], 
      "theta_rad": 1.2083048667653051
    }, 
    "CKM_theta12": {
      "expr": "\u03c0*1/14", 
      "pqr": [
        1, 
        14, 
        0
      ], 
      "theta_rad": 0.2243994752564138
    }, 
    "CKM_theta13": {
      "expr": "\u03c0*1/(198*2^2)", 
      "pqr": [
        1, 
        198, 
        2
      ], 
      "theta_rad": 0.003966657390896204
    }, 
    "CKM_theta23": {
      "expr": "\u03c0*1/74", 
      "pqr": [
        1, 
        74, 
        0
      ], 
      "theta_rad": 0.042453954778240446
    }, 
    "PMNS_delta": {
      "expr": "\u03c0*12/11", 
      "pqr": [
        12, 
        11, 
        0
      ], 
      "theta_rad": 3.4271919857343196
    }, 
    "PMNS_theta12": {
      "expr": "\u03c0*3/16", 
      "pqr": [
        3, 
        16, 
        0
      ], 
      "theta_rad": 0.5890486225480862
    }, 
    "PMNS_theta13": {
      "expr": "\u03c0*1/21", 
      "pqr": [
        1, 
        21, 
        0
      ], 
      "theta_rad": 0.14959965017094254
    }, 
    "PMNS_theta23": {
      "expr": "\u03c0*1/4", 
      "pqr": [
        1, 
        4, 
        0
      ], 
      "theta_rad": 0.7853981633974483
    }
  }, 
  "neutrino_masses_eV": [
    0.0011073629130901714, 
    6.513899488765715e-05, 
    3.211806150408684e-07
  ], 
  "overlay_enabled": false, 
  "paletteB": {
    "E1E5": true, 
    "E1E5_pass": true, 
    "E6": true, 
    "E6_iso_gap_L1": 0.125, 
    "iso_gap": 0.125, 
    "local_scan_competitors_E1E5": 80, 
    "local_scan_min_L1_to_competitor": 0.125, 
    "local_scan_scanned": 13122, 
    "local_scan_step": 0.125, 
    "palette": [
      "0", 
      "4/3", 
      "7/4", 
      "8/3", 
      "4", 
      "11/3", 
      "13/8", 
      "21/8", 
      "9/2"
    ], 
    "palette_status": "declared_object + verified_gates + local_witness_scan"
  }, 
  "phi": {
    "Theta_frac": "4/15", 
    "alpha0_frac": "1/137", 
    "alpha0_inv": 137, 
    "alpha_s_frac": "2/17", 
    "q2": 30, 
    "q3": 17, 
    "sin2W_frac": "7/30", 
    "v2": 3
  }, 
  "policy": "pure first principles; no PDG upstream; deterministic", 
  "predictions": {
    "Delta_alpha": 0.0655878361463238, 
    "Delta_r": 0.034377292970782264, 
    "Delta_rho": 0.009498860966469163, 
    "GammaZ_dressed_GeV": 2.4723893958376704, 
    "GammaZ_tree_GeV": 2.4100830576556795, 
    "Lambda_QCD_GeV_1loop": 0.08587202643561431, 
    "Lambda_QCD_GeV_msbar_4loop": 0.15898960798245762, 
    "Lambda_QCD_GeV_primary": 0.15898960798245762, 
    "MW_dressed_GeV": 79.70971662093454, 
    "MZ_dressed_GeV": 91.03491153390851, 
    "alpha0": 0.0072992700729927005, 
    "alpha_em_MZ": 0.007811617137869072, 
    "alpha_inv_MZ": 128.01446644795365, 
    "branch": "authority_v1_dressed", 
    "fermion_masses_ALQ_policy": {
      "b": {
        "expr": "135/128", 
        "factor": [
          135, 
          128
        ], 
        "mult": 1.0546875
      }, 
      "c": {
        "expr": "648/625", 
        "factor": [
          648, 
          625
        ], 
        "mult": 1.0368
      }, 
      "d": {
        "expr": "225/256", 
        "factor": [
          225, 
          256
        ], 
        "mult": 0.87890625
      }, 
      "e": {
        "expr": "81/80", 
        "factor": [
          81, 
          80
        ], 
        "mult": 1.0125
      }, 
      "mu": {
        "expr": "128/125", 
        "factor": [
          128, 
          125
        ], 
        "mult": 1.024
      }, 
      "s": {
        "expr": "128/125", 
        "factor": [
          128, 
          125
        ], 
        "mult": 1.024
      }, 
      "t": {
        "expr": "80/81", 
        "factor": [
          80, 
          81
        ], 
        "mult": 0.9876543209876543
      }, 
      "tau": {
        "expr": "128/125", 
        "factor": [
          128, 
          125
        ], 
        "mult": 1.024
      }, 
      "u": {
        "expr": "135/128", 
        "factor": [
          135, 
          128
        ], 
        "mult": 1.0546875
      }
    }, 
    "fermion_masses_GeV": {
      "b": 3.975947919748965, 
      "c": 1.221106762682497, 
      "d": 0.005350485652224913, 
      "e": 0.0005046834958197246, 
      "mu": 0.10235541659294373, 
      "s": 0.09095825608782353, 
      "t": 173.7957887549291, 
      "tau": 1.7400420820800435, 
      "u": 0.0020808633607706938
    }, 
    "fermion_masses_GeV_ALQ": {
      "b": 4.193382571610236, 
      "c": 1.2660434915492127, 
      "d": 0.004702575280275803, 
      "e": 0.0005109920395174712, 
      "mu": 0.10481194659117438, 
      "s": 0.0931412542339313, 
      "t": 171.6501617332633, 
      "tau": 1.7818030920499646, 
      "u": 0.002194660575812841
    }, 
    "fermion_yukawas": {
      "b": 0.022877124631342376, 
      "c": 0.007026100985705642, 
      "d": 3.078604890576306e-05, 
      "e": 2.9038879447843412e-06, 
      "mu": 0.0005889407178747924, 
      "s": 0.000523362831397972, 
      "t": 1.0, 
      "tau": 0.010011992203871473, 
      "u": 1.1973036721303624e-05
    }, 
    "lambda_H": 0.16295549442097068, 
    "mH_GeV": 140.3148862928472, 
    "neutrino_masses_ALQ_policy": {
      "m1": {
        "exp": [
          5, 
          -6, 
          4
        ], 
        "expr": "2^5 3^-6 5^4", 
        "mult": 27.434842249657063
      }, 
      "m2": {
        "exp": [
          3, 
          -3, 
          5
        ], 
        "expr": "2^3 3^-3 5^5", 
        "mult": 925.9259259259259
      }, 
      "m3": {
        "exp": [
          1, 
          2, 
          6
        ], 
        "expr": "2^1 3^2 5^6", 
        "mult": 281250.0
      }
    }, 
    "neutrino_masses_eV": [
      0.0018263016927836096, 
      0.00010742951134021231, 
      5.297023171035662e-07
    ], 
    "neutrino_masses_eV_ALQ": [
      0.05010429884179998, 
      0.09947176975945583, 
      0.148978776685378
    ], 
    "policy": "PREDICTIONS (Authority v1 dressed); pure first principles; PDG overlay is evaluation-only", 
    "qcd": {
      "Lambda_QCD_GeV_1loop": 0.08587202643561431, 
      "Lambda_QCD_GeV_msbar_4loop": 0.15898960798245762, 
      "Lambda_QCD_GeV_primary": 0.15898960798245762, 
      "active_quarks": [
        "u", 
        "d", 
        "s", 
        "c", 
        "b"
      ], 
      "mu_used_GeV": 91.03491153390851, 
      "nf": 5
    }, 
    "seesaw_scale_GeV": 165587091835270.94, 
    "sm28_table": [
      {
        "exact_frac": "1/137", 
        "name": "alpha0", 
        "tier": "derived_upstream", 
        "value": 0.0072992700729927005
      }, 
      {
        "exact_frac": "7/30", 
        "name": "sin2W", 
        "tier": "derived_upstream", 
        "value": 0.23333333333333334
      }, 
      {
        "exact_frac": "2/17", 
        "name": "alpha_s", 
        "tier": "derived_upstream", 
        "value": 0.11764705882352941
      }, 
      {
        "name": "v_GeV", 
        "tier": "derived_closure", 
        "value": 245.7843615405502
      }, 
      {
        "name": "MW_GeV", 
        "tier": "derived_closure", 
        "value": 79.70971662093454
      }, 
      {
        "name": "MZ_GeV", 
        "tier": "derived_closure", 
        "value": 91.03491153390851
      }, 
      {
        "name": "GammaZ_tree_GeV", 
        "tier": "derived_closure", 
        "value": 2.4100830576556795
      }, 
      {
        "name": "GammaZ_LOQCD_GeV", 
        "tier": "derived_closure", 
        "value": 2.4723893958376704
      }, 
      {
        "name": "m_t_GeV", 
        "tier": "derived_closure", 
        "value": 173.7957887549291
      }, 
      {
        "name": "m_b_GeV", 
        "tier": "derived_closure", 
        "value": 3.975947919748965
      }, 
      {
        "name": "m_c_GeV", 
        "tier": "derived_closure", 
        "value": 1.221106762682497
      }, 
      {
        "name": "m_s_GeV", 
        "tier": "derived_closure", 
        "value": 0.09095825608782353
      }, 
      {
        "name": "m_u_GeV", 
        "tier": "derived_closure", 
        "value": 0.0020808633607706938
      }, 
      {
        "name": "m_d_GeV", 
        "tier": "derived_closure", 
        "value": 0.005350485652224913
      }, 
      {
        "name": "m_tau_GeV", 
        "tier": "derived_closure", 
        "value": 1.7400420820800435
      }, 
      {
        "name": "m_mu_GeV", 
        "tier": "derived_closure", 
        "value": 0.10235541659294373
      }, 
      {
        "name": "m_e_GeV", 
        "tier": "derived_closure", 
        "value": 0.0005046834958197246
      }, 
      {
        "name": "mnu_1_eV", 
        "tier": "derived_closure", 
        "value": 0.0018263016927836096
      }, 
      {
        "name": "mnu_2_eV", 
        "tier": "derived_closure", 
        "value": 0.00010742951134021231
      }, 
      {
        "name": "mnu_3_eV", 
        "tier": "derived_closure", 
        "value": 5.297023171035662e-07
      }, 
      {
        "name": "MR_GeV", 
        "tier": "derived_closure", 
        "value": 165587091835270.94
      }, 
      {
        "name": "Lambda_QCD_GeV_1loop", 
        "tier": "derived_closure", 
        "value": 0.15898960798245762
      }, 
      {
        "name": "GF_GeVminus2", 
        "tier": "derived_closure", 
        "value": 1.1705137205923027e-05
      }, 
      {
        "name": "vacuum_energy_GeV4", 
        "tier": "derived_closure", 
        "value": 9.030607830621022e-38
      }, 
      {
        "name": "lambda_H", 
        "tier": "derived_closure", 
        "value": 0.16295549442097068
      }, 
      {
        "name": "mH_GeV", 
        "tier": "derived_closure", 
        "value": 140.3148862928472
      }
    ], 
    "sm_manifest": {
      "GammaZ_loQCD_GeV": 2.4723893958376704, 
      "GammaZ_over_MZ_loQCD": 0.02715869499051207, 
      "GammaZ_tree_GeV": 2.4100830576556795, 
      "beta_coeffs": {
        "b1": 4.1, 
        "b1_frac": "41/10", 
        "b2": -3.1666666666666665, 
        "b2_frac": "-19/6", 
        "b3": -7.0, 
        "b3_frac": "-7"
      }, 
      "branch": "authority_v1_dressed", 
      "ew": {
        "GF_GeVminus2": 1.1705137205923027e-05, 
        "MW_GeV": 79.70971662093454, 
        "MZ_GeV": 91.03491153390851, 
        "alpha0": 0.0072992700729927005, 
        "alpha_em_MZ": 0.007811617137869072, 
        "alpha_inv_MZ": 128.01446644795365, 
        "alpha_s": 0.11764705882352941, 
        "e": 0.3133108297712392, 
        "g1_GUT": 0.35782618330560345, 
        "g2": 0.6486150389823219, 
        "sin2W": 0.23333333333333334, 
        "v_GeV": 245.7843615405502
      }, 
      "fermion_masses_GeV": {
        "b": 3.975947919748965, 
        "c": 1.221106762682497, 
        "d": 0.005350485652224913, 
        "e": 0.0005046834958197246, 
        "mu": 0.10235541659294373, 
        "s": 0.09095825608782353, 
        "t": 173.7957887549291, 
        "tau": 1.7400420820800435, 
        "u": 0.0020808633607706938
      }, 
      "fermion_yukawas": {
        "b": 0.022877124631342376, 
        "c": 0.007026100985705642, 
        "d": 3.078604890576306e-05, 
        "e": 2.9038879447843412e-06, 
        "mu": 0.0005889407178747924, 
        "s": 0.000523362831397972, 
        "t": 1.0, 
        "tau": 0.010011992203871473, 
        "u": 1.1973036721303624e-05
      }, 
      "lambda_H": 0.16295549442097068, 
      "mH_GeV": 140.3148862928472, 
      "mixing": {
        "ckm_abs": [
          [
            0.9749212218131095, 
            0.22251940692331412, 
            0.003704699843482176
          ], 
          [
            0.22238583621405578, 
            0.9740825477305745, 
            0.04132469065931764
          ], 
          [
            0.008552842206478577, 
            0.040599307250366604, 
            0.9991389018254576
          ]
        ], 
        "ckm_angles": {
          "delta": 1.1938052083641213, 
          "theta12": 0.2243994752564138, 
          "theta13": 0.003704708317912492, 
          "theta23": 0.04133674544197096
        }, 
        "ckm_denoms": {
          "n12": 14, 
          "n13": 848, 
          "n23": 76
        }, 
        "ckm_matrix": [
          [
            [
              0.9749212218131095, 
              0.0
            ], 
            [
              0.22251940692331412, 
              0.0
            ], 
            [
              0.001363790972712873, 
              -0.0034445428017436126
            ]
          ], 
          [
            [
              -0.22238579291321925, 
              -0.00013877674012966436
            ], 
            [
              0.9740825472155779, 
              -3.167488533173354e-05
            ], 
            [
              0.04132469065931764, 
              0.0
            ]
          ], 
          [
            [
              0.00786720977772928, 
              -0.003355312224238179
            ], 
            [
              -0.04059208366788666, 
              -0.0007658281197238637
            ], 
            [
              0.9991389018254576, 
              0.0
            ]
          ]
        ], 
        "ckm_phase_frac": "19/50", 
        "ckm_unitarity_defect": 1.1172660645301544e-16, 
        "pmns_abs": [
          [
            0.7999809429779494, 
            0.5812201766673118, 
            0.14904226617617444
          ], 
          [
            0.4242820352502041, 
            0.5754055553411085, 
            0.6992089826700849
          ], 
          [
            0.424282035250204, 
            0.5754055553411084, 
            0.699208982670085
          ]
        ], 
        "pmns_angles": {
          "delta": 1.5707963267948966, 
          "theta12": 0.6283185307179586, 
          "theta13": 0.14959965017094254, 
          "theta23": 0.7853981633974483
        }, 
        "pmns_denoms": {
          "n12": 5, 
          "n13": 21, 
          "n23": 4
        }, 
        "pmns_matrix": [
          [
            [
              0.7999809429779494, 
              0.0
            ], 
            [
              0.5812201766673118, 
              0.0
            ], 
            [
              9.126206710515993e-18, 
              -0.14904226617617444
            ]
          ], 
          [
            [
              -0.41562693777745346, 
              -0.08526132786786905
            ], 
            [
              0.5720614028176844, 
              -0.0619459806902155
            ], 
            [
              0.6992089826700849, 
              0.0
            ]
          ], 
          [
            [
              0.4156269377774534, 
              -0.08526132786786905
            ], 
            [
              -0.5720614028176843, 
              -0.06194598069021551
            ], 
            [
              0.699208982670085, 
              0.0
            ]
          ]
        ], 
        "pmns_phase_frac": "1/2", 
        "pmns_unitarity_defect": 4.046035655711836e-17
      }, 
      "neutrinos": {
        "masses_eV": [
          0.0018263016927836096, 
          0.00010742951134021231, 
          5.297023171035662e-07
        ], 
        "seesaw_scale_GeV": 165587091835270.94
      }, 
      "palette": [
        "0", 
        "4/3", 
        "7/4", 
        "8/3", 
        "4", 
        "11/3", 
        "13/8", 
        "21/8", 
        "9/2"
      ], 
      "phi": {
        "Theta_frac": "4/15", 
        "alpha0_frac": "1/137", 
        "alpha0_inv": 137, 
        "alpha_s_frac": "2/17", 
        "sin2W_frac": "7/30"
      }, 
      "qcd": {
        "Lambda_QCD_GeV_1loop": 0.08587202643561431, 
        "Lambda_QCD_GeV_msbar_4loop": 0.15898960798245762, 
        "Lambda_QCD_GeV_primary": 0.15898960798245762, 
        "active_quarks": [
          "u", 
          "d", 
          "s", 
          "c", 
          "b"
        ], 
        "mu_used_GeV": 91.03491153390851, 
        "nf": 5
      }, 
      "rg_table": [
        {
          "alpha1": 0.009499860111123476, 
          "alpha2": 0.03145844888503003, 
          "alpha3": 0.12338108294246419, 
          "alpha_em": 0.007296464894309465, 
          "mu_GeV": 50.0, 
          "sin2W": 0.2319397539584857
        }, 
        {
          "alpha1": 0.00952078705172961, 
          "alpha2": 0.03128258602711158, 
          "alpha3": 0.11764705882352941, 
          "alpha_em": 0.0072992700729927005, 
          "mu_GeV": 71.2789411556101, 
          "sin2W": 0.2333333333333333
        }, 
        {
          "alpha1": 0.009540855402117557, 
          "alpha2": 0.03111648847515931, 
          "alpha3": 0.11264819832379719, 
          "alpha_em": 0.007301950615841277, 
          "mu_GeV": 100.0, 
          "sin2W": 0.23466499510928163
        }, 
        {
          "alpha1": 0.009582206045242288, 
          "alpha2": 0.030781882494021542, 
          "alpha3": 0.10363317820996054, 
          "alpha_em": 0.007307444592270001, 
          "mu_GeV": 200.0, 
          "sin2W": 0.2373943371945901
        }
      ], 
      "survivors": {
        "SU2": 107, 
        "SU3": 103, 
        "wU": 137
      }, 
      "vacuum_energy_GeV4": 9.030607830621022e-38
    }, 
    "snapshot_hash_sha256": "0f4bbf12ec103f171d4e1d53905c8e06b8b19bf7486887390d38332c48728e72", 
    "snapshot_object": {
      "Delta_r": 0.034377292970782264, 
      "GammaZ_dressed_GeV": 2.4723893958376704, 
      "Lambda_QCD_GeV": 0.15898960798245762, 
      "Lambda_QCD_GeV_1loop": 0.08587202643561431, 
      "Lambda_QCD_GeV_msbar_4loop": 0.15898960798245762, 
      "MW_dressed_GeV": 79.70971662093454, 
      "MZ_dressed_GeV": 91.03491153390851, 
      "alpha_inv_MZ": 128.01446644795365, 
      "alpha_s_MZ": 0.11764705882352941, 
      "sin2thetaW_dressed": 0.23333333333333334, 
      "v_dressed_GeV": 245.7843615405502
    }, 
    "solver_invariance_witness": {
      "baseline_damping": {
        "damp_mz": 0.4, 
        "damp_v": 0.3
      }, 
      "baseline_metrics": {
        "GammaZ_dressed_GeV": 2.4723893958376704, 
        "MW_dressed_GeV": 79.70971662093454, 
        "MZ_dressed_GeV": 91.03491153390851, 
        "alpha_inv_MZ": 128.01446644795365, 
        "v_dressed_GeV": 245.7843615405502
      }, 
      "max_rel_drift": 3.5923888898544697e-16, 
      "scan": [
        {
          "GammaZ_dressed_GeV": 2.4723893958376704, 
          "MW_dressed_GeV": 79.70971662093454, 
          "MZ_dressed_GeV": 91.03491153390851, 
          "alpha_inv_MZ": 128.01446644795365, 
          "damp": 0.35, 
          "iterations": 82, 
          "rel_drift_vs_baseline": {
            "GammaZ_dressed_GeV": 0.0, 
            "MW_dressed_GeV": 0.0, 
            "MZ_dressed_GeV": 0.0, 
            "alpha_inv_MZ": 0.0, 
            "v_dressed_GeV": 0.0
          }, 
          "v_dressed_GeV": 245.7843615405502
        }, 
        {
          "GammaZ_dressed_GeV": 2.4723893958376713, 
          "MW_dressed_GeV": 79.70971662093456, 
          "MZ_dressed_GeV": 91.03491153390854, 
          "alpha_inv_MZ": 128.01446644795365, 
          "damp": 0.5, 
          "iterations": 52, 
          "rel_drift_vs_baseline": {
            "GammaZ_dressed_GeV": 3.5923888898544697e-16, 
            "MW_dressed_GeV": 1.7828258984764398e-16, 
            "MZ_dressed_GeV": 3.1220670126995774e-16, 
            "alpha_inv_MZ": 0.0, 
            "v_dressed_GeV": 2.3127353792779785e-16
          }, 
          "v_dressed_GeV": 245.78436154055026
        }, 
        {
          "GammaZ_dressed_GeV": 2.4723893958376713, 
          "MW_dressed_GeV": 79.70971662093456, 
          "MZ_dressed_GeV": 91.03491153390854, 
          "alpha_inv_MZ": 128.01446644795365, 
          "damp": 0.65, 
          "iterations": 35, 
          "rel_drift_vs_baseline": {
            "GammaZ_dressed_GeV": 3.5923888898544697e-16, 
            "MW_dressed_GeV": 1.7828258984764398e-16, 
            "MZ_dressed_GeV": 3.1220670126995774e-16, 
            "alpha_inv_MZ": 0.0, 
            "v_dressed_GeV": 2.3127353792779785e-16
          }, 
          "v_dressed_GeV": 245.78436154055026
        }
      ]
    }, 
    "v0_GeV": 241.665556947271, 
    "v_dressed_GeV": 245.7843615405502, 
    "vacuum_energy_GeV4": 9.030607830621022e-38
  }, 
  "qcd": {
    "Lambda_QCD_GeV_1loop": 0.06723648121454216, 
    "active_quarks": [
      "u", 
      "d", 
      "s", 
      "c", 
      "b"
    ], 
    "mu_used_GeV": 71.2789411556101, 
    "nf": 5
  }, 
  "raw": {
    "policy": "STRUCTURAL (\u03ba_refined witness); backward-compatible surface", 
    "sm28_table": [
      {
        "exact_frac": "1/137", 
        "name": "alpha0", 
        "tier": "derived_upstream", 
        "value": 0.0072992700729927005
      }, 
      {
        "exact_frac": "7/30", 
        "name": "sin2W", 
        "tier": "derived_upstream", 
        "value": 0.23333333333333334
      }, 
      {
        "exact_frac": "2/17", 
        "name": "alpha_s", 
        "tier": "derived_upstream", 
        "value": 0.11764705882352941
      }, 
      {
        "name": "v_GeV", 
        "tier": "derived_upstream", 
        "value": 199.08487655658305
      }, 
      {
        "name": "MW_GeV", 
        "tier": "derived_upstream", 
        "value": 62.411487030859234
      }, 
      {
        "name": "MZ_GeV", 
        "tier": "derived_upstream", 
        "value": 71.2789411556101
      }, 
      {
        "name": "GammaZ_tree_GeV", 
        "tier": "derived_upstream", 
        "value": 1.7631211348396116
      }, 
      {
        "name": "GammaZ_LOQCD_GeV", 
        "tier": "derived_upstream", 
        "value": 1.8087003708841025
      }, 
      {
        "name": "m_t_GeV", 
        "tier": "derived_upstream", 
        "value": 140.7742662448466
      }, 
      {
        "name": "m_b_GeV", 
        "tier": "derived_upstream", 
        "value": 3.2205104337691295
      }, 
      {
        "name": "m_c_GeV", 
        "tier": "derived_upstream", 
        "value": 0.9890942108249051
      }, 
      {
        "name": "m_s_GeV", 
        "tier": "derived_upstream", 
        "value": 0.07367601856987487
      }, 
      {
        "name": "m_u_GeV", 
        "tier": "derived_upstream", 
        "value": 0.0016854954591641214
      }, 
      {
        "name": "m_d_GeV", 
        "tier": "derived_upstream", 
        "value": 0.004333883445286756
      }, 
      {
        "name": "m_tau_GeV", 
        "tier": "derived_upstream", 
        "value": 1.409430856149131
      }, 
      {
        "name": "m_mu_GeV", 
        "tier": "derived_upstream", 
        "value": 0.08290769742053711
      }, 
      {
        "name": "m_e_GeV", 
        "tier": "derived_upstream", 
        "value": 0.0004087926946842712
      }, 
      {
        "name": "mnu_1_eV", 
        "tier": "derived_upstream", 
        "value": 0.0011073629130901714
      }, 
      {
        "name": "mnu_2_eV", 
        "tier": "derived_upstream", 
        "value": 6.513899488765715e-05
      }, 
      {
        "name": "mnu_3_eV", 
        "tier": "derived_upstream", 
        "value": 3.211806150408684e-07
      }, 
      {
        "name": "MR_GeV", 
        "tier": "derived_upstream", 
        "value": 179174859706614.9
      }, 
      {
        "name": "Lambda_QCD_GeV_1loop", 
        "tier": "derived_upstream", 
        "value": 0.06723648121454216
      }, 
      {
        "name": "GF_GeVminus2", 
        "tier": "derived_upstream", 
        "value": 1.7840559154104114e-05
      }, 
      {
        "name": "vacuum_energy_GeV4", 
        "tier": "derived_upstream", 
        "value": 6.587408647540902e-38
      }, 
      {
        "name": "lambda_H", 
        "tier": "derived_upstream", 
        "value": 0.18674386636047224
      }, 
      {
        "name": "mH_GeV", 
        "tier": "derived_upstream", 
        "value": 121.66802017977152
      }
    ], 
    "sm_manifest": {
      "GammaZ_loQCD_GeV": 1.8087003708841025, 
      "GammaZ_over_MZ_loQCD": 0.025374961265705424, 
      "GammaZ_tree_GeV": 1.7631211348396116, 
      "beta_coeffs": {
        "b1": 4.1, 
        "b1_frac": "41/10", 
        "b2": -3.1666666666666665, 
        "b2_frac": "-19/6", 
        "b3": -7.0, 
        "b3_frac": "-7"
      }, 
      "branch": "structural_kappa_refined_witness", 
      "ew": {
        "GF_GeVminus2": 1.7840559154104114e-05, 
        "MW_GeV": 62.411487030859234, 
        "MZ_GeV": 71.2789411556101, 
        "alpha0": 0.0072992700729927005, 
        "alpha_s": 0.11764705882352941, 
        "e": 0.30286190409413793, 
        "g1_GUT": 0.3458926692377655, 
        "g2": 0.6269837077566353, 
        "sin2W": 0.23333333333333334, 
        "v_GeV": 199.08487655658305
      }, 
      "fermion_masses_GeV": {
        "b": 3.2205104337691295, 
        "c": 0.9890942108249051, 
        "d": 0.004333883445286756, 
        "e": 0.0004087926946842712, 
        "mu": 0.08290769742053711, 
        "s": 0.07367601856987487, 
        "t": 140.7742662448466, 
        "tau": 1.409430856149131, 
        "u": 0.0016854954591641214
      }, 
      "fermion_yukawas": {
        "b": 0.022877124631342376, 
        "c": 0.007026100985705642, 
        "d": 3.078604890576306e-05, 
        "e": 2.9038879447843412e-06, 
        "mu": 0.0005889407178747924, 
        "s": 0.000523362831397972, 
        "t": 1.0, 
        "tau": 0.010011992203871473, 
        "u": 1.1973036721303624e-05
      }, 
      "lambda_H": 0.18674386636047224, 
      "mH_GeV": 121.66802017977152, 
      "mixing": {
        "ckm_abs": [
          [
            0.9749212218131095, 
            0.22251940692331412, 
            0.003704699843482176
          ], 
          [
            0.22238583621405578, 
            0.9740825477305745, 
            0.04132469065931764
          ], 
          [
            0.008552842206478577, 
            0.040599307250366604, 
            0.9991389018254576
          ]
        ], 
        "ckm_angles": {
          "delta": 1.1938052083641213, 
          "theta12": 0.2243994752564138, 
          "theta13": 0.003704708317912492, 
          "theta23": 0.04133674544197096
        }, 
        "ckm_denoms": {
          "n12": 14, 
          "n13": 848, 
          "n23": 76
        }, 
        "ckm_matrix": [
          [
            [
              0.9749212218131095, 
              0.0
            ], 
            [
              0.22251940692331412, 
              0.0
            ], 
            [
              0.001363790972712873, 
              -0.0034445428017436126
            ]
          ], 
          [
            [
              -0.22238579291321925, 
              -0.00013877674012966436
            ], 
            [
              0.9740825472155779, 
              -3.167488533173354e-05
            ], 
            [
              0.04132469065931764, 
              0.0
            ]
          ], 
          [
            [
              0.00786720977772928, 
              -0.003355312224238179
            ], 
            [
              -0.04059208366788666, 
              -0.0007658281197238637
            ], 
            [
              0.9991389018254576, 
              0.0
            ]
          ]
        ], 
        "ckm_phase_frac": "19/50", 
        "ckm_unitarity_defect": 1.1172660645301544e-16, 
        "pmns_abs": [
          [
            0.7999809429779494, 
            0.5812201766673118, 
            0.14904226617617444
          ], 
          [
            0.4242820352502041, 
            0.5754055553411085, 
            0.6992089826700849
          ], 
          [
            0.424282035250204, 
            0.5754055553411084, 
            0.699208982670085
          ]
        ], 
        "pmns_angles": {
          "delta": 1.5707963267948966, 
          "theta12": 0.6283185307179586, 
          "theta13": 0.14959965017094254, 
          "theta23": 0.7853981633974483
        }, 
        "pmns_denoms": {
          "n12": 5, 
          "n13": 21, 
          "n23": 4
        }, 
        "pmns_matrix": [
          [
            [
              0.7999809429779494, 
              0.0
            ], 
            [
              0.5812201766673118, 
              0.0
            ], 
            [
              9.126206710515993e-18, 
              -0.14904226617617444
            ]
          ], 
          [
            [
              -0.41562693777745346, 
              -0.08526132786786905
            ], 
            [
              0.5720614028176844, 
              -0.0619459806902155
            ], 
            [
              0.6992089826700849, 
              0.0
            ]
          ], 
          [
            [
              0.4156269377774534, 
              -0.08526132786786905
            ], 
            [
              -0.5720614028176843, 
              -0.06194598069021551
            ], 
            [
              0.699208982670085, 
              0.0
            ]
          ]
        ], 
        "pmns_phase_frac": "1/2", 
        "pmns_unitarity_defect": 4.046035655711836e-17
      }, 
      "neutrinos": {
        "masses_eV": [
          0.0011073629130901714, 
          6.513899488765715e-05, 
          3.211806150408684e-07
        ], 
        "seesaw_scale_GeV": 179174859706614.9
      }, 
      "palette": [
        "0", 
        "4/3", 
        "7/4", 
        "8/3", 
        "4", 
        "11/3", 
        "13/8", 
        "21/8", 
        "9/2"
      ], 
      "phi": {
        "Theta_frac": "4/15", 
        "alpha0_frac": "1/137", 
        "alpha0_inv": 137, 
        "alpha_s_frac": "2/17", 
        "sin2W_frac": "7/30"
      }, 
      "qcd": {
        "Lambda_QCD_GeV_1loop": 0.06723648121454216, 
        "Lambda_QCD_GeV_msbar_4loop": 0.12448642746814736, 
        "Lambda_QCD_GeV_primary": 0.12448642746814736, 
        "Lambda_QCD_msbar_4loop_used_fallback": false, 
        "active_quarks": [
          "u", 
          "d", 
          "s", 
          "c", 
          "b"
        ], 
        "mu_used_GeV": 71.2789411556101, 
        "nf": 5
      }, 
      "rg_table": [
        {
          "alpha1": 0.009499860111123476, 
          "alpha2": 0.03145844888503003, 
          "alpha3": 0.12338108294246419, 
          "alpha_em": 0.007296464894309465, 
          "mu_GeV": 50.0, 
          "sin2W": 0.2319397539584857
        }, 
        {
          "alpha1": 0.00952078705172961, 
          "alpha2": 0.03128258602711158, 
          "alpha3": 0.11764705882352941, 
          "alpha_em": 0.0072992700729927005, 
          "mu_GeV": 71.2789411556101, 
          "sin2W": 0.2333333333333333
        }, 
        {
          "alpha1": 0.009540855402117557, 
          "alpha2": 0.03111648847515931, 
          "alpha3": 0.11264819832379719, 
          "alpha_em": 0.007301950615841277, 
          "mu_GeV": 100.0, 
          "sin2W": 0.23466499510928163
        }, 
        {
          "alpha1": 0.009582206045242288, 
          "alpha2": 0.030781882494021542, 
          "alpha3": 0.10363317820996054, 
          "alpha_em": 0.007307444592270001, 
          "mu_GeV": 200.0, 
          "sin2W": 0.2373943371945901
        }
      ], 
      "survivors": {
        "SU2": 107, 
        "SU3": 103, 
        "wU": 137
      }, 
      "vacuum_energy_GeV4": 6.587408647540902e-38
    }
  }, 
  "seesaw_scale_GeV": 179174859706614.9, 
  "sin2W": 0.23333333333333334, 
  "sm28_v10": {
    "GZ_GeV": 2.4723893958376704, 
    "MW_GeV": 79.70971662093454, 
    "MZ_GeV": 91.03491153390851, 
    "Vcb": 0.04244086930377076, 
    "Vub": 0.003966646988761312, 
    "Vus": 0.22251918334516066, 
    "alpha_inv_MZ": 128.01446644795365, 
    "alpha_s_MZ": 0.11764705882352941, 
    "delta_CKM": 1.2083048667653051, 
    "delta_PMNS": 3.4271919857343196, 
    "mb": 4.193382571610236, 
    "mc": 1.2660434915492127, 
    "md": 0.004702575280275803, 
    "me": 0.0005109920395174712, 
    "mmu": 0.10481194659117438, 
    "mnu1": 0.05010429884179998, 
    "mnu2": 0.09947176975945583, 
    "mnu3": 0.148978776685378, 
    "ms": 0.0931412542339313, 
    "mt": 171.6501617332633, 
    "mtau": 1.7818030920499646, 
    "mu": 0.002194660575812841, 
    "sin2thetaW": 0.23333333333333334, 
    "theta12_PMNS": 0.5890486225480862, 
    "theta13_PMNS": 0.14959965017094254, 
    "theta23_PMNS": 0.7853981633974483, 
    "thetaQCD": 0.0, 
    "v_GeV": 245.7843615405502
  }, 
  "snapshot_hash_sha256": "d030fe1580cf4f246a66d43b20f84757bbdae87d04f7399bcc4dcda2b9a60a40", 
  "solver_invariance_witness": {
    "baseline_damping": {
      "damp_mz": 0.4, 
      "damp_v": 0.3
    }, 
    "baseline_metrics": {
      "GammaZ_dressed_GeV": 2.4723893958376704, 
      "MW_dressed_GeV": 79.70971662093454, 
      "MZ_dressed_GeV": 91.03491153390851, 
      "alpha_inv_MZ": 128.01446644795365, 
      "v_dressed_GeV": 245.7843615405502
    }, 
    "max_rel_drift": 3.5923888898544697e-16, 
    "scan": [
      {
        "GammaZ_dressed_GeV": 2.4723893958376704, 
        "MW_dressed_GeV": 79.70971662093454, 
        "MZ_dressed_GeV": 91.03491153390851, 
        "alpha_inv_MZ": 128.01446644795365, 
        "damp": 0.35, 
        "iterations": 82, 
        "rel_drift_vs_baseline": {
          "GammaZ_dressed_GeV": 0.0, 
          "MW_dressed_GeV": 0.0, 
          "MZ_dressed_GeV": 0.0, 
          "alpha_inv_MZ": 0.0, 
          "v_dressed_GeV": 0.0
        }, 
        "v_dressed_GeV": 245.7843615405502
      }, 
      {
        "GammaZ_dressed_GeV": 2.4723893958376713, 
        "MW_dressed_GeV": 79.70971662093456, 
        "MZ_dressed_GeV": 91.03491153390854, 
        "alpha_inv_MZ": 128.01446644795365, 
        "damp": 0.5, 
        "iterations": 52, 
        "rel_drift_vs_baseline": {
          "GammaZ_dressed_GeV": 3.5923888898544697e-16, 
          "MW_dressed_GeV": 1.7828258984764398e-16, 
          "MZ_dressed_GeV": 3.1220670126995774e-16, 
          "alpha_inv_MZ": 0.0, 
          "v_dressed_GeV": 2.3127353792779785e-16
        }, 
        "v_dressed_GeV": 245.78436154055026
      }, 
      {
        "GammaZ_dressed_GeV": 2.4723893958376713, 
        "MW_dressed_GeV": 79.70971662093456, 
        "MZ_dressed_GeV": 91.03491153390854, 
        "alpha_inv_MZ": 128.01446644795365, 
        "damp": 0.65, 
        "iterations": 35, 
        "rel_drift_vs_baseline": {
          "GammaZ_dressed_GeV": 3.5923888898544697e-16, 
          "MW_dressed_GeV": 1.7828258984764398e-16, 
          "MZ_dressed_GeV": 3.1220670126995774e-16, 
          "alpha_inv_MZ": 0.0, 
          "v_dressed_GeV": 2.3127353792779785e-16
        }, 
        "v_dressed_GeV": 245.78436154055026
      }
    ]
  }, 
  "v_GeV": 199.08487655658305, 
  "vacuum_energy_GeV4": 6.587408647540902e-38
}
