{
  "run_id": "20260125T043902Z_52befea",
  "generated_utc": "2026-01-25 04:39:02Z",
  "repo": {
    "root": "/workspaces/Marithmetics",
    "branch": "main",
    "head": "52befeabee33865cbd3dc2d653019e15639299b0",
    "dirty": true
  },
  "bundle": {
    "dir": "/workspaces/Marithmetics/GUM/authority_archive/AOR_20260125T043902Z_52befea/GUM_BUNDLE_v30_20260125T043902Z",
    "sha256": "c299b1a7a8ef77f25c3ebb326cb73f060b3c7176b6ea9eb402c97273dc3cf66c"
  },
  "report": {
    "pdf": "/workspaces/Marithmetics/GUM/authority_archive/AOR_20260125T043902Z_52befea/report/GUM_Report_v32_2026-01-25_04-42-51Z.pdf",
    "manifest": "/workspaces/Marithmetics/GUM/authority_archive/AOR_20260125T043902Z_52befea/report/GUM_Report_v32_2026-01-25_04-42-51Z.pdf.manifest.json"
  },
  "counts": {
    "demos": 27,
    "claims": 27,
    "failures": []
  },
  "paths": {
    "summary_md": "/workspaces/Marithmetics/GUM/authority_archive/AOR_20260125T043902Z_52befea/SUMMARY.md",
    "claim_ledger": "/workspaces/Marithmetics/GUM/authority_archive/AOR_20260125T043902Z_52befea/claim_ledger.jsonl",
    "transcript": "/workspaces/Marithmetics/GUM/authority_archive/AOR_20260125T043902Z_52befea/runner_transcript.txt"
  }
}