{
  "budgets_primary": {
    "K_primary": 15,
    "K_truth": 31,
    "N": 64,
    "eps": 0.18257418583505536,
    "q2": 30,
    "q3": 17,
    "v2U": 3
  },
  "camb": {
    "available": true,
    "ell_peak": 232.0
  },
  "cosmo_structural": {
    "A_s": 2.099094113200873e-09,
    "F_CMB": 8.769614003336656,
    "H0": 70.44939596437767,
    "Omega_L": 0.8288067758185355,
    "Omega_b": 0.04498189308849704,
    "Omega_c": 0.12621133109296742,
    "delta0": 1.1408430115564869e-06,
    "deltaCMB": 1.000475284975453e-05,
    "ell1": 219.94908732407637,
    "n_s": 0.9647460711549101,
    "ombh2": 0.02232504159011641,
    "omch2": 0.0626401652382878,
    "q3": 17.0,
    "tau": 0.05397948497016616
  },
  "counterfactuals": [
    {
      "s2": 263,
      "s3": 239,
      "wU": 409
    },
    {
      "s2": 263,
      "s3": 307,
      "wU": 409
    },
    {
      "s2": 367,
      "s3": 239,
      "wU": 409
    },
    {
      "s2": 367,
      "s3": 307,
      "wU": 409
    }
  ],
  "deltaCMB_bridge": {
    "counterfactuals": [
      {
        "K": 5,
        "hf": 0.0032265016890503646,
        "miss": true,
        "rel_err": 0.40939276409864767,
        "score": 0.41261926578769803,
        "triple": {
          "s2": 263,
          "s3": 239,
          "wU": 409
        }
      },
      {
        "K": 5,
        "hf": 0.0032265016890503646,
        "miss": true,
        "rel_err": 0.40939276409864767,
        "score": 0.41261926578769803,
        "triple": {
          "s2": 263,
          "s3": 307,
          "wU": 409
        }
      },
      {
        "K": 5,
        "hf": 0.0032265016890503646,
        "miss": true,
        "rel_err": 0.40939276409864767,
        "score": 0.41261926578769803,
        "triple": {
          "s2": 367,
          "s3": 239,
          "wU": 409
        }
      },
      {
        "K": 5,
        "hf": 0.0032265016890503646,
        "miss": true,
        "rel_err": 0.40939276409864767,
        "score": 0.41261926578769803,
        "triple": {
          "s2": 367,
          "s3": 307,
          "wU": 409
        }
      }
    ],
    "gates": {
      "G1": true,
      "G2": true,
      "G3": true,
      "G4": true,
      "TEETH": true
    },
    "primary": {
      "admissible": {
        "delta": 8.434139561014422e-06,
        "hf": 0.00038074289006863777,
        "rel_err": 0.1569867154468132,
        "tot": 17.880981603231113
      },
      "score": 0.15736745833688184,
      "sharp": {
        "delta": 1.2014797698508313e-05,
        "hf": 0.0,
        "rel_err": 0.2009089958482182,
        "tot": 36.28630240294746
      },
      "signed": {
        "delta": 1.3666750224959499e-05,
        "hf": 0.22713718791299445,
        "rel_err": 0.3660257709709258,
        "tot": 46.95050898485009
      }
    },
    "truth": {
      "hf": 0.0001721672974929374,
      "tot": 25.160688407095645
    }
  },
  "determinism_sha256": "9598c7d83958dd7d3acd4a86a4cf484e9b2247fcb56a7c41bc698114db8ded07",
  "gates_structural": {
    "As": true,
    "H0": true,
    "delta": true,
    "ell1": true,
    "ns": true,
    "ombh2": true,
    "omch2": true,
    "tau": true
  },
  "pools": {
    "SU2": [
      107
    ],
    "SU2_raw": [
      107
    ],
    "SU3": [
      103
    ],
    "SU3_raw": [
      103
    ],
    "U1_coherent": [
      137
    ],
    "U1_raw": [
      103,
      107,
      137
    ]
  },
  "primary": {
    "s2": 107,
    "s3": 103,
    "wU": 137
  },
  "spec": {
    "cf_window": [
      181,
      1200
    ],
    "demo": "DEMO-36 (BB) master flagship",
    "enforce_minN": 64,
    "numpy": "2.4.1",
    "primary_window": [
      97,
      200
    ],
    "python": "3.12.1",
    "version": "v2",
    "wmin": 0.2
  },
  "spec_sha256": "23fce6179147a51ff81bafe51ab82fb7bd27df66d67cf12b35b72db3cb06aee9",
  "tilt_bridge": {
    "counterfactuals": [
      {
        "K": 5,
        "curv": 0.5871504291644865,
        "miss": true,
        "score": 0.5930006231404323,
        "tilt": -0.029403734869144004,
        "triple": {
          "s2": 263,
          "s3": 239,
          "wU": 409
        }
      },
      {
        "K": 5,
        "curv": 0.5871504291644865,
        "miss": true,
        "score": 0.5930006231404323,
        "tilt": -0.029403734869144004,
        "triple": {
          "s2": 263,
          "s3": 307,
          "wU": 409
        }
      },
      {
        "K": 5,
        "curv": 0.5871504291644865,
        "miss": true,
        "score": 0.5930006231404323,
        "tilt": -0.029403734869144004,
        "triple": {
          "s2": 367,
          "s3": 239,
          "wU": 409
        }
      },
      {
        "K": 5,
        "curv": 0.5871504291644865,
        "miss": true,
        "score": 0.5930006231404323,
        "tilt": -0.029403734869144004,
        "triple": {
          "s2": 367,
          "s3": 307,
          "wU": 409
        }
      }
    ],
    "gates": {
      "G1": true,
      "G2": true,
      "G3": true,
      "G4": true,
      "G5": true,
      "TEETH": true
    },
    "primary": {
      "admissible": {
        "band": [
          4,
          11
        ],
        "hf": 0.0003807428900686378,
        "kmin_kernel": -6.133173666733497e-19,
        "mask_frac": 0.0274658203125,
        "tilt": -0.033043132863491816
      },
      "curv_adm": 0.09180231129152101,
      "curv_sharp": 1.0064282183186644,
      "curv_signed": 0.0001567904376440598,
      "score": 0.09401310727311912,
      "sharp": {
        "band": [
          4,
          11
        ],
        "hf": 0.0,
        "kmin_kernel": -0.004652259643669134,
        "mask_frac": 0.05396270751953125,
        "tilt": -0.033132840580050185
      },
      "signed": {
        "band": [
          4,
          11
        ],
        "hf": 0.22713718791299445,
        "kmin_kernel": -0.8920669555664062,
        "mask_frac": 0.9999961853027344,
        "tilt": -0.033132840580050185
      }
    },
    "tilt_target": -0.03525392884508993
  }
}