{
  "run_id": "20260201T153323Z_108c330",
  "generated_utc": "2026-02-01 15:33:23Z",
  "repo": {
    "root": "/workspaces/Marithmetics",
    "branch": "feat/demo-77-grammar-rigidity",
    "head": "108c330250a4874d82621b3198b1758de02f395c",
    "dirty": true
  },
  "bundle": {
    "dir": "/workspaces/Marithmetics/gum/authority_archive/AOR_20260201T153323Z_108c330/GUM_BUNDLE_v30_20260201T153323Z",
    "sha256": "18975b808c153f48f6e74f3bb3d438b59e16f9fafcce75b4d3e5798a7661ddb3"
  },
  "report": {
    "pdf": "/workspaces/Marithmetics/gum/authority_archive/AOR_20260201T153323Z_108c330/report/GUM_Report_v32_2026-02-01_15-37-18Z.pdf",
    "manifest": "/workspaces/Marithmetics/gum/authority_archive/AOR_20260201T153323Z_108c330/report/GUM_Report_v32_2026-02-01_15-37-18Z.pdf.manifest.json"
  },
  "counts": {
    "demos": 28,
    "claims": 28,
    "failures": []
  },
  "paths": {
    "summary_md": "/workspaces/Marithmetics/gum/authority_archive/AOR_20260201T153323Z_108c330/SUMMARY.md",
    "claim_ledger": "/workspaces/Marithmetics/gum/authority_archive/AOR_20260201T153323Z_108c330/claim_ledger.jsonl",
    "transcript": "/workspaces/Marithmetics/gum/authority_archive/AOR_20260201T153323Z_108c330/runner_transcript.txt"
  }
}