demo_id,domain,status,mode,returncode,seconds,code_sha256,stdout_path,stderr_path,stdout_sha256,stderr_sha256,notes
33,standard_model,PASS,cert,0,0.617073,33413bbb5d92dc70572d72e928f9adf6e165b493a74ed01da1bb19e1361460af,audits/bundles/GUM_BUNDLE_v30_20260117T052500Z/logs/standard_model__demo-33-first-principles-standard-model-sm28-closure.out.txt,audits/bundles/GUM_BUNDLE_v30_20260117T052500Z/logs/standard_model__demo-33-first-principles-standard-model-sm28-closure.err.txt,e99729564a0915a259accc26d954a8893e430a92ebd9296f2122445d003a5428,e3b0c44298fc1c149afbf4c8996fb92427ae41e4649b934ca495991b7852b855,
36,cosmo,PASS,run,0,17.343333,be1384b930644f1d3e142422a1603811e2363014c4824850de0b205d4519bc8f,audits/bundles/GUM_BUNDLE_v30_20260117T052500Z/logs/cosmo__demo-36-big-bang-master-flagship.out.txt,audits/bundles/GUM_BUNDLE_v30_20260117T052500Z/logs/cosmo__demo-36-big-bang-master-flagship.err.txt,755681c43adaecd60087b7b8bfb26dfbce257ea928b83a082b9ddb2ebbd5541a,8a127c70176f7aaf960b1d05e9a2d7faa5ada4d4a75b14b935cc1d256a2e6fd4,
37,standard_model,PASS,run,0,0.258865,2278243c792ac568e606e097da916f958d26486f4c96367cef7bba5914aac20b,audits/bundles/GUM_BUNDLE_v30_20260117T052500Z/logs/standard_model__demo-37-math-sm-master-flagship.out.txt,audits/bundles/GUM_BUNDLE_v30_20260117T052500Z/logs/standard_model__demo-37-math-sm-master-flagship.err.txt,740a5e74a1d0de87d5c52bf9ed80008a12e1c1bbf536c4e02e37c18060ea3675,fa7469ec28d85a25f1673d080d3e681cf07623cdbb3f031dcdbe5bf731de5745,
39,cosmo,PASS,run,0,0.322984,e72e7790657950b2f91ec38c3a9014394a10ed5ad0d48ede23e29a124edf1b64,audits/bundles/GUM_BUNDLE_v30_20260117T052500Z/logs/cosmo__demo-39-bb-a2.out.txt,audits/bundles/GUM_BUNDLE_v30_20260117T052500Z/logs/cosmo__demo-39-bb-a2.err.txt,aa8c6186521149a3a2cccc221e2f82fe8db2b37b9296d83ca4324a0820c76487,1d387fcbd16df8bad75dbbdf152f1d6614037fa87fbdf67cfde1f2149321c33a,
40,substrate,PASS,run,0,0.20689,b12dd83a0b14307ec17de80f1286391c85bdae6904536a556a4e35d9445e7eb4,audits/bundles/GUM_BUNDLE_v30_20260117T052500Z/logs/substrate__demo-40-universe-from-zero.out.txt,audits/bundles/GUM_BUNDLE_v30_20260117T052500Z/logs/substrate__demo-40-universe-from-zero.err.txt,7b73c37bae7f3984bbd156faff8f49e31f732da1924fc5e013b2de82dc838b77,e3b0c44298fc1c149afbf4c8996fb92427ae41e4649b934ca495991b7852b855,
51,general_relativity,PASS,run,0,0.07051,f0912b3074c3de95e9b8e78cbc92dd5a1c576a65b31587889009bdbfd838e870,audits/bundles/GUM_BUNDLE_v30_20260117T052500Z/logs/general_relativity__demo-51-qft-gr-vacuum-suppression.out.txt,audits/bundles/GUM_BUNDLE_v30_20260117T052500Z/logs/general_relativity__demo-51-qft-gr-vacuum-suppression.err.txt,c9a88d5df2650acd1f924c95173be230ad4b2b69b5f5fb4f36ba1e7aa17958ef,35c80af9739e17ee611fa001036951b10126d268e2e8c09073659a1536a2a96b,
53,foundations,PASS,run,0,0.541052,3bb3ee1797bb7e46bbd488f7c27a631b6677a28d6b026623bd9fcb76bd04b45d,audits/bundles/GUM_BUNDLE_v30_20260117T052500Z/logs/foundations__demo-53-lawbook-emergence.out.txt,audits/bundles/GUM_BUNDLE_v30_20260117T052500Z/logs/foundations__demo-53-lawbook-emergence.err.txt,6734da516df09d588bd58935c093ecba9d8b22fde4d3bd5b752a2410749171e6,e3b0c44298fc1c149afbf4c8996fb92427ae41e4649b934ca495991b7852b855,
54,standard_model,PASS,run,0,2.610979,c43a2a3b36de4d68a45882247387ca0746ecb1ebc27a486d1dd359b95820ee65,audits/bundles/GUM_BUNDLE_v30_20260117T052500Z/logs/standard_model__demo-54-master-flagship-demo.out.txt,audits/bundles/GUM_BUNDLE_v30_20260117T052500Z/logs/standard_model__demo-54-master-flagship-demo.err.txt,78cc53df556b94ed74bf25b02f139b5d8f1d86631006d1ee5d4644b01d3752b2,895fd24a412edb6859f1ef50adcb189acc1efbc15057b2383c6dddae5d8ae2ac,
55,standard_model,PASS,run,0,0.062814,d614263c9bf5aa4aba59c632765808ae521f5834390a1b6dc9cfb2ce712a3a49,audits/bundles/GUM_BUNDLE_v30_20260117T052500Z/logs/standard_model__demo-55-proton-charge-radius.out.txt,audits/bundles/GUM_BUNDLE_v30_20260117T052500Z/logs/standard_model__demo-55-proton-charge-radius.err.txt,62681f5d8462849ea9107ca396a81e48357a97ce5a637e801b6e60ee73e8fa63,e3b0c44298fc1c149afbf4c8996fb92427ae41e4649b934ca495991b7852b855,
56,controllers,PASS,run,0,28.064546,833acd006473c7d3b15edab630458e0d6098299041ac0850bf0dd2e8805e90a6,audits/bundles/GUM_BUNDLE_v30_20260117T052500Z/logs/controllers__demo-56-deterministic-operator-calculus-vs-fd.out.txt,audits/bundles/GUM_BUNDLE_v30_20260117T052500Z/logs/controllers__demo-56-deterministic-operator-calculus-vs-fd.err.txt,63526e7cfc7221c8dc7afc36041eb55276a1602e5fdb871e018439fcbe111c8f,f5e77d1c0760411daab72a905be3a6857e6de36e2c294f89baae057b14b68404,
58,general_relativity,PASS,run,0,1.041969,4a573b4927fb8682d04293870edd17e90aa84c972f12da542e448a4eebc9b7be,audits/bundles/GUM_BUNDLE_v30_20260117T052500Z/logs/general_relativity__demo-58-emergent-weak-field-gr.out.txt,audits/bundles/GUM_BUNDLE_v30_20260117T052500Z/logs/general_relativity__demo-58-emergent-weak-field-gr.err.txt,d41950438c75afb0afb2cdc4453558e88896a00801cf439e14db9c7a54a32305,f88b058fa935fe5c42dfe6b7c419ef5aff0af563f54f74a6a449e918601de914,
59,controllers,PASS,run,0,0.846694,e2c60511de1f189674d6de23fa3a2e49fe5515c9a6b14738e715d1adf3cf1b1f,audits/bundles/GUM_BUNDLE_v30_20260117T052500Z/logs/controllers__demo-59-electromagnetism.out.txt,audits/bundles/GUM_BUNDLE_v30_20260117T052500Z/logs/controllers__demo-59-electromagnetism.err.txt,84e7f6a805e107fab7450e9ba42722b76cd73dde23f4e2c93b0a752ba067af16,d08bda10cb25f4a936eeab5960d1419880898b4d7558a46719818b03c013a318,
60,quantum,PASS,run,0,0.2652,fba4ac6667a7e649d774e3aee773be53362fd17c92af83a116c2122536b660f2,audits/bundles/GUM_BUNDLE_v30_20260117T052500Z/logs/quantum__demo-60-quantum-master-flagship.out.txt,audits/bundles/GUM_BUNDLE_v30_20260117T052500Z/logs/quantum__demo-60-quantum-master-flagship.err.txt,efefb734e145306cd7b10ccff85f6459127256119805476fa948288de9ce3ad7,e3b0c44298fc1c149afbf4c8996fb92427ae41e4649b934ca495991b7852b855,
63,general_relativity,PASS,run,0,0.190264,ac29eabd147832e91543a2f1b2975d222ea526e2536e9c34a63e3fb193b4c37d,audits/bundles/GUM_BUNDLE_v30_20260117T052500Z/logs/general_relativity__demo-63-gravitational-wave-inspiral-phasing.out.txt,audits/bundles/GUM_BUNDLE_v30_20260117T052500Z/logs/general_relativity__demo-63-gravitational-wave-inspiral-phasing.err.txt,0bc91e1d3d61f5be1d40910067bbfad7d21ba09642e8c0bff92faad77152f774,d28d2cdfc44fd8aa9c1f8033ea98b5007dd8eb6976a2763e0873089fb2acf675,
64,substrate,PASS,run,0,0.08404,6c0694a41546b177acc71cc8e29d6ca3395e2c8feacedc5affe2063a4251aca5,audits/bundles/GUM_BUNDLE_v30_20260117T052500Z/logs/substrate__demo-64-base-gauge-invariance-integer-selector.out.txt,audits/bundles/GUM_BUNDLE_v30_20260117T052500Z/logs/substrate__demo-64-base-gauge-invariance-integer-selector.err.txt,9d2c1b08eb223dfe1ddbef4048828668483e677788990b8bae9515fcc0e56409,32d37004e3a4e4a22878824c52cf7dc3139912100a73c1a7cbea4a11209afa9d,
65,infinity,PASS,run,0,3.044686,fbc59e24b80b3f94061e68fa213b7cc6b7b37090d1cb6b14ea0d05f2b4161d3a,audits/bundles/GUM_BUNDLE_v30_20260117T052500Z/logs/infinity__demo-65-continuous-lift-paradox.out.txt,audits/bundles/GUM_BUNDLE_v30_20260117T052500Z/logs/infinity__demo-65-continuous-lift-paradox.err.txt,a9308083f305654863aa4e5bc6d898411bccb461bed73f7713889cf29c01219a,a3eba0d313dafa5c500d29d333d096a3bd7baccce8c90289a9bda316c9fd2cc8,
67,infinity,PASS,run,0,72.458738,4e00a354e960da013f75906cb6ca0071accf045710fb6808a159967fa31d9028,audits/bundles/GUM_BUNDLE_v30_20260117T052500Z/logs/infinity__demo-67-navier-stokes-master-flagship.out.txt,audits/bundles/GUM_BUNDLE_v30_20260117T052500Z/logs/infinity__demo-67-navier-stokes-master-flagship.err.txt,9e8658ab510b369d67eabcaf3cc54f1e930345fcbbb4ebb3cb085fac2434a5aa,32e8f71a46c7d7eb2aa634cda46d75956e45cbdbed5b3446ba6b0833acc323c7,
68,general_relativity,PASS,run,0,1.778996,98e3c3a6c8865c0434d55a38347cb804432d52e62efeb5177ce4b26f1c35a424,audits/bundles/GUM_BUNDLE_v30_20260117T052500Z/logs/general_relativity__demo-68-general-relativity-master-flagship.out.txt,audits/bundles/GUM_BUNDLE_v30_20260117T052500Z/logs/general_relativity__demo-68-general-relativity-master-flagship.err.txt,2deec7fb6796f461c2144bbc720a4e6e3bcc199c86001f640c54e78ccbe37208,e3b0c44298fc1c149afbf4c8996fb92427ae41e4649b934ca495991b7852b855,
69,controllers,PASS,run,0,6.109292,f88eb6ef2f6c2ce1a11c4cd6664880b49a22c85486e91c5e4a1dec081383da1e,audits/bundles/GUM_BUNDLE_v30_20260117T052500Z/logs/controllers__demo-69-oatb-operator-admissibility-transfer-bridge.out.txt,audits/bundles/GUM_BUNDLE_v30_20260117T052500Z/logs/controllers__demo-69-oatb-operator-admissibility-transfer-bridge.err.txt,2634739c335233858052996c6497c4abc83389e64f3f3122a9c9a2d02d92cf3a,d6bcb715ef78f3fbb4345e486fa1ab8f3b37a4d18a611d13f806ac86aa6bc5b1,
70,standard_model,PASS,run,0,0.737038,22d96168011f931ec65be9e4526037ea35ef55c2107effd54bd42b6d55b9492a,audits/bundles/GUM_BUNDLE_v30_20260117T052500Z/logs/standard_model__demo-70-higgs-master-flagship.out.txt,audits/bundles/GUM_BUNDLE_v30_20260117T052500Z/logs/standard_model__demo-70-higgs-master-flagship.err.txt,18419d2b03f13ee2abe7470e2f2f3f21f2426faebb3bab9520c3ffd29758ef8a,c89620149a3f26388d03aa3885210e8e56cfab2074abb32e29de8d94eb4477e3,
71,foundations,PASS,run,0,0.243001,78bf2731adce3bdd46f7ac93c12c14f72890f7d41adbb4151b2dac9e234929d5,audits/bundles/GUM_BUNDLE_v30_20260117T052500Z/logs/foundations__demo-71-one-action-master-flagship.out.txt,audits/bundles/GUM_BUNDLE_v30_20260117T052500Z/logs/foundations__demo-71-one-action-master-flagship.err.txt,957bdccc1c8465aa90a16e819303aa43785f15c72481836941978c19149302ac,b53ac8327fcac23156a6eda205dc95a4866f4244317f14b28a92b0495363c309,
demo-66a-quantum-gravity-master-flagship-v1,quantum_gravity,PASS,run,0,0.076977,0e0bb684ac6b62776a6302fab78e2f73c71892217a2a2411e5f4aa1edb6fce91,audits/bundles/GUM_BUNDLE_v30_20260117T052500Z/logs/quantum_gravity__demo-66a-quantum-gravity-master-flagship-v1.out.txt,audits/bundles/GUM_BUNDLE_v30_20260117T052500Z/logs/quantum_gravity__demo-66a-quantum-gravity-master-flagship-v1.err.txt,93d0775dccf1be743f43c76a8ad4d529f1e759d0828a3b40ad13eab01ebef339,7c3a1fabc0f923ab3bba8605617a9c5fa95fba2332ad51b67284f7b657c34fbf,
demo-66b-quantum-gravity-master-flagship-v2,quantum_gravity,PASS,run,0,0.871938,9d23f8b4d560596117f00f85f6aeb070a368485616a87f3973ed2958f2a632fc,audits/bundles/GUM_BUNDLE_v30_20260117T052500Z/logs/quantum_gravity__demo-66b-quantum-gravity-master-flagship-v2.out.txt,audits/bundles/GUM_BUNDLE_v30_20260117T052500Z/logs/quantum_gravity__demo-66b-quantum-gravity-master-flagship-v2.err.txt,19ea72597c2d6b49bbfd6386dab7e3114349cacd588de15452303c07c4368415,e3b0c44298fc1c149afbf4c8996fb92427ae41e4649b934ca495991b7852b855,
