{
  "demo_id": "72",
  "label": "DEMO-72",
  "demo_path": "demos/sm/demo-72-yukawa",
  "code_sha256": "a3fbbc7f14770ef32eb551ff70d69e2613429935741a9228b5175af4c22f5b1b",
  "stdout_sha256": "f80b8b9763da1a39150217fa9af5094f1adf6d3ec934de0c5b9bd7002015188d",
  "stderr_sha256": "e3b0c44298fc1c149afbf4c8996fb92427ae41e4649b934ca495991b7852b855",
  "files": [
    {
      "path": "demo.py",
      "sha256": "a3fbbc7f14770ef32eb551ff70d69e2613429935741a9228b5175af4c22f5b1b",
      "bytes": 15824
    },
    {
      "path": "sm__demo-72-yukawa.err.txt",
      "sha256": "e3b0c44298fc1c149afbf4c8996fb92427ae41e4649b934ca495991b7852b855",
      "bytes": 0
    },
    {
      "path": "sm__demo-72-yukawa.out.txt",
      "sha256": "f80b8b9763da1a39150217fa9af5094f1adf6d3ec934de0c5b9bd7002015188d",
      "bytes": 5282
    }
  ]
}
