{
  "demo_id": "68",
  "label": "DEMO-68",
  "demo_path": "demos/general_relativity/demo-68-general-relativity-master-flagship",
  "code_sha256": "98e3c3a6c8865c0434d55a38347cb804432d52e62efeb5177ce4b26f1c35a424",
  "stdout_sha256": "6ce374613486c7dd94429aeec0083447647b92896689e2b17e8f6a6c9b9454f3",
  "stderr_sha256": "e3b0c44298fc1c149afbf4c8996fb92427ae41e4649b934ca495991b7852b855",
  "files": [
    {
      "path": "general_relativity__demo-68-general-relativity-master-flagship.out.txt",
      "sha256": "6ce374613486c7dd94429aeec0083447647b92896689e2b17e8f6a6c9b9454f3",
      "bytes": 8831
    },
    {
      "path": "demo.py",
      "sha256": "98e3c3a6c8865c0434d55a38347cb804432d52e62efeb5177ce4b26f1c35a424",
      "bytes": 38727
    },
    {
      "path": "general_relativity__demo-68-general-relativity-master-flagship.err.txt",
      "sha256": "e3b0c44298fc1c149afbf4c8996fb92427ae41e4649b934ca495991b7852b855",
      "bytes": 0
    },
    {
      "path": "__init__.py",
      "sha256": "459cae00ed76c5ac9a11b2e437a8b063b44d99392f42021f685b2e91f0f70c62",
      "bytes": 16
    }
  ]
}
