{
  "generated_by": "RUN",
  "runs": {
    "33": {
      "code_sha256": "33413bbb5d92dc70572d72e928f9adf6e165b493a74ed01da1bb19e1361460af",
      "demo_id": "33",
      "demo_path": "demos/standard_model/demo-33-first-principles-standard-model-sm28-closure",
      "domain": "standard_model",
      "folder": "demo-33-first-principles-standard-model-sm28-closure",
      "mode": "cert",
      "notes": "",
      "returncode": 0,
      "seconds": 0.566045,
      "status": "PASS",
      "stderr_path": "audits/bundles/GUM_BUNDLE_v30_20260120T032353Z/logs/standard_model__demo-33-first-principles-standard-model-sm28-closure.err.txt",
      "stderr_sha256": "e3b0c44298fc1c149afbf4c8996fb92427ae41e4649b934ca495991b7852b855",
      "stdout_path": "audits/bundles/GUM_BUNDLE_v30_20260120T032353Z/logs/standard_model__demo-33-first-principles-standard-model-sm28-closure.out.txt",
      "stdout_sha256": "e99729564a0915a259accc26d954a8893e430a92ebd9296f2122445d003a5428"
    },
    "36": {
      "code_sha256": "be1384b930644f1d3e142422a1603811e2363014c4824850de0b205d4519bc8f",
      "demo_id": "36",
      "demo_path": "demos/cosmo/demo-36-big-bang-master-flagship",
      "domain": "cosmo",
      "folder": "demo-36-big-bang-master-flagship",
      "mode": "run",
      "notes": "",
      "returncode": 0,
      "seconds": 21.181196,
      "status": "PASS",
      "stderr_path": "audits/bundles/GUM_BUNDLE_v30_20260120T032353Z/logs/cosmo__demo-36-big-bang-master-flagship.err.txt",
      "stderr_sha256": "8a127c70176f7aaf960b1d05e9a2d7faa5ada4d4a75b14b935cc1d256a2e6fd4",
      "stdout_path": "audits/bundles/GUM_BUNDLE_v30_20260120T032353Z/logs/cosmo__demo-36-big-bang-master-flagship.out.txt",
      "stdout_sha256": "66eab92654eab68689070c9b160123b73e64a1801bf63c21ac81eb4a9380d473"
    },
    "37": {
      "code_sha256": "2278243c792ac568e606e097da916f958d26486f4c96367cef7bba5914aac20b",
      "demo_id": "37",
      "demo_path": "demos/standard_model/demo-37-math-sm-master-flagship",
      "domain": "standard_model",
      "folder": "demo-37-math-sm-master-flagship",
      "mode": "run",
      "notes": "",
      "returncode": 0,
      "seconds": 0.233931,
      "status": "PASS",
      "stderr_path": "audits/bundles/GUM_BUNDLE_v30_20260120T032353Z/logs/standard_model__demo-37-math-sm-master-flagship.err.txt",
      "stderr_sha256": "fa7469ec28d85a25f1673d080d3e681cf07623cdbb3f031dcdbe5bf731de5745",
      "stdout_path": "audits/bundles/GUM_BUNDLE_v30_20260120T032353Z/logs/standard_model__demo-37-math-sm-master-flagship.out.txt",
      "stdout_sha256": "111446d6d28a5241d716de2cb6e9b7953a7279d0f1d61ac624c023905a494adc"
    },
    "39": {
      "code_sha256": "e72e7790657950b2f91ec38c3a9014394a10ed5ad0d48ede23e29a124edf1b64",
      "demo_id": "39",
      "demo_path": "demos/cosmo/demo-39-bb-a2",
      "domain": "cosmo",
      "folder": "demo-39-bb-a2",
      "mode": "run",
      "notes": "",
      "returncode": 0,
      "seconds": 0.321851,
      "status": "PASS",
      "stderr_path": "audits/bundles/GUM_BUNDLE_v30_20260120T032353Z/logs/cosmo__demo-39-bb-a2.err.txt",
      "stderr_sha256": "1d387fcbd16df8bad75dbbdf152f1d6614037fa87fbdf67cfde1f2149321c33a",
      "stdout_path": "audits/bundles/GUM_BUNDLE_v30_20260120T032353Z/logs/cosmo__demo-39-bb-a2.out.txt",
      "stdout_sha256": "454b3c73fde511ce44bb10c93348310d18c05210a315b8b9932d90ac7813836c"
    },
    "40": {
      "code_sha256": "b12dd83a0b14307ec17de80f1286391c85bdae6904536a556a4e35d9445e7eb4",
      "demo_id": "40",
      "demo_path": "demos/substrate/demo-40-universe-from-zero",
      "domain": "substrate",
      "folder": "demo-40-universe-from-zero",
      "mode": "run",
      "notes": "",
      "returncode": 0,
      "seconds": 0.199546,
      "status": "PASS",
      "stderr_path": "audits/bundles/GUM_BUNDLE_v30_20260120T032353Z/logs/substrate__demo-40-universe-from-zero.err.txt",
      "stderr_sha256": "e3b0c44298fc1c149afbf4c8996fb92427ae41e4649b934ca495991b7852b855",
      "stdout_path": "audits/bundles/GUM_BUNDLE_v30_20260120T032353Z/logs/substrate__demo-40-universe-from-zero.out.txt",
      "stdout_sha256": "316892e56a50edadb5c6a196a39659a2f9108579ca4a236a5764a4bb12455934"
    },
    "51": {
      "code_sha256": "f0912b3074c3de95e9b8e78cbc92dd5a1c576a65b31587889009bdbfd838e870",
      "demo_id": "51",
      "demo_path": "demos/general_relativity/demo-51-qft-gr-vacuum-suppression",
      "domain": "general_relativity",
      "folder": "demo-51-qft-gr-vacuum-suppression",
      "mode": "run",
      "notes": "",
      "returncode": 0,
      "seconds": 0.091261,
      "status": "PASS",
      "stderr_path": "audits/bundles/GUM_BUNDLE_v30_20260120T032353Z/logs/general_relativity__demo-51-qft-gr-vacuum-suppression.err.txt",
      "stderr_sha256": "35c80af9739e17ee611fa001036951b10126d268e2e8c09073659a1536a2a96b",
      "stdout_path": "audits/bundles/GUM_BUNDLE_v30_20260120T032353Z/logs/general_relativity__demo-51-qft-gr-vacuum-suppression.out.txt",
      "stdout_sha256": "239e6fe2d44cba4391ae9f49f97181da05c53aba2c6b967017ddbb91a0f3e46f"
    },
    "53": {
      "code_sha256": "3bb3ee1797bb7e46bbd488f7c27a631b6677a28d6b026623bd9fcb76bd04b45d",
      "demo_id": "53",
      "demo_path": "demos/foundations/demo-53-lawbook-emergence",
      "domain": "foundations",
      "folder": "demo-53-lawbook-emergence",
      "mode": "run",
      "notes": "",
      "returncode": 0,
      "seconds": 0.566584,
      "status": "PASS",
      "stderr_path": "audits/bundles/GUM_BUNDLE_v30_20260120T032353Z/logs/foundations__demo-53-lawbook-emergence.err.txt",
      "stderr_sha256": "e3b0c44298fc1c149afbf4c8996fb92427ae41e4649b934ca495991b7852b855",
      "stdout_path": "audits/bundles/GUM_BUNDLE_v30_20260120T032353Z/logs/foundations__demo-53-lawbook-emergence.out.txt",
      "stdout_sha256": "6734da516df09d588bd58935c093ecba9d8b22fde4d3bd5b752a2410749171e6"
    },
    "54": {
      "code_sha256": "c43a2a3b36de4d68a45882247387ca0746ecb1ebc27a486d1dd359b95820ee65",
      "demo_id": "54",
      "demo_path": "demos/standard_model/demo-54-master-flagship-demo",
      "domain": "standard_model",
      "folder": "demo-54-master-flagship-demo",
      "mode": "run",
      "notes": "",
      "returncode": 0,
      "seconds": 3.190704,
      "status": "PASS",
      "stderr_path": "audits/bundles/GUM_BUNDLE_v30_20260120T032353Z/logs/standard_model__demo-54-master-flagship-demo.err.txt",
      "stderr_sha256": "895fd24a412edb6859f1ef50adcb189acc1efbc15057b2383c6dddae5d8ae2ac",
      "stdout_path": "audits/bundles/GUM_BUNDLE_v30_20260120T032353Z/logs/standard_model__demo-54-master-flagship-demo.out.txt",
      "stdout_sha256": "673b712558aac4a4074ea36d40f3d5933f852af476baf878b0e0e036970f6a62"
    },
    "55": {
      "code_sha256": "d614263c9bf5aa4aba59c632765808ae521f5834390a1b6dc9cfb2ce712a3a49",
      "demo_id": "55",
      "demo_path": "demos/standard_model/demo-55-proton-charge-radius",
      "domain": "standard_model",
      "folder": "demo-55-proton-charge-radius",
      "mode": "run",
      "notes": "",
      "returncode": 0,
      "seconds": 0.085704,
      "status": "PASS",
      "stderr_path": "audits/bundles/GUM_BUNDLE_v30_20260120T032353Z/logs/standard_model__demo-55-proton-charge-radius.err.txt",
      "stderr_sha256": "e3b0c44298fc1c149afbf4c8996fb92427ae41e4649b934ca495991b7852b855",
      "stdout_path": "audits/bundles/GUM_BUNDLE_v30_20260120T032353Z/logs/standard_model__demo-55-proton-charge-radius.out.txt",
      "stdout_sha256": "d72f6ca7ad63c255b5cdb360d5f7f85eeaed3d747e2a5f924f01f8750965f3de"
    },
    "56": {
      "code_sha256": "833acd006473c7d3b15edab630458e0d6098299041ac0850bf0dd2e8805e90a6",
      "demo_id": "56",
      "demo_path": "demos/controllers/demo-56-deterministic-operator-calculus-vs-fd",
      "domain": "controllers",
      "folder": "demo-56-deterministic-operator-calculus-vs-fd",
      "mode": "run",
      "notes": "",
      "returncode": 0,
      "seconds": 28.049306,
      "status": "PASS",
      "stderr_path": "audits/bundles/GUM_BUNDLE_v30_20260120T032353Z/logs/controllers__demo-56-deterministic-operator-calculus-vs-fd.err.txt",
      "stderr_sha256": "f5e77d1c0760411daab72a905be3a6857e6de36e2c294f89baae057b14b68404",
      "stdout_path": "audits/bundles/GUM_BUNDLE_v30_20260120T032353Z/logs/controllers__demo-56-deterministic-operator-calculus-vs-fd.out.txt",
      "stdout_sha256": "862f016b32b32e42bfdb30e9e61cf3825a9d8de937e8a7922315f0487d7b5350"
    },
    "58": {
      "code_sha256": "4a573b4927fb8682d04293870edd17e90aa84c972f12da542e448a4eebc9b7be",
      "demo_id": "58",
      "demo_path": "demos/general_relativity/demo-58-emergent-weak-field-gr",
      "domain": "general_relativity",
      "folder": "demo-58-emergent-weak-field-gr",
      "mode": "run",
      "notes": "",
      "returncode": 0,
      "seconds": 1.091246,
      "status": "PASS",
      "stderr_path": "audits/bundles/GUM_BUNDLE_v30_20260120T032353Z/logs/general_relativity__demo-58-emergent-weak-field-gr.err.txt",
      "stderr_sha256": "f88b058fa935fe5c42dfe6b7c419ef5aff0af563f54f74a6a449e918601de914",
      "stdout_path": "audits/bundles/GUM_BUNDLE_v30_20260120T032353Z/logs/general_relativity__demo-58-emergent-weak-field-gr.out.txt",
      "stdout_sha256": "326acb60a149ea2ae4a8f1c52ac632622aa633a8c6a3273e847f5a88400bb9bf"
    },
    "59": {
      "code_sha256": "e2c60511de1f189674d6de23fa3a2e49fe5515c9a6b14738e715d1adf3cf1b1f",
      "demo_id": "59",
      "demo_path": "demos/controllers/demo-59-electromagnetism",
      "domain": "controllers",
      "folder": "demo-59-electromagnetism",
      "mode": "run",
      "notes": "",
      "returncode": 0,
      "seconds": 0.680474,
      "status": "PASS",
      "stderr_path": "audits/bundles/GUM_BUNDLE_v30_20260120T032353Z/logs/controllers__demo-59-electromagnetism.err.txt",
      "stderr_sha256": "d08bda10cb25f4a936eeab5960d1419880898b4d7558a46719818b03c013a318",
      "stdout_path": "audits/bundles/GUM_BUNDLE_v30_20260120T032353Z/logs/controllers__demo-59-electromagnetism.out.txt",
      "stdout_sha256": "1526c379a377f14759a4ecddc8d4447bdfbbd66f39bb29d007b2228aa2bbf6f8"
    },
    "60": {
      "code_sha256": "fba4ac6667a7e649d774e3aee773be53362fd17c92af83a116c2122536b660f2",
      "demo_id": "60",
      "demo_path": "demos/quantum/demo-60-quantum-master-flagship",
      "domain": "quantum",
      "folder": "demo-60-quantum-master-flagship",
      "mode": "run",
      "notes": "",
      "returncode": 0,
      "seconds": 0.257887,
      "status": "PASS",
      "stderr_path": "audits/bundles/GUM_BUNDLE_v30_20260120T032353Z/logs/quantum__demo-60-quantum-master-flagship.err.txt",
      "stderr_sha256": "e3b0c44298fc1c149afbf4c8996fb92427ae41e4649b934ca495991b7852b855",
      "stdout_path": "audits/bundles/GUM_BUNDLE_v30_20260120T032353Z/logs/quantum__demo-60-quantum-master-flagship.out.txt",
      "stdout_sha256": "c8725bf497bf5c3b9e525ba5914ae7a4e77f55897e42354b9345acfbf744a598"
    },
    "63": {
      "code_sha256": "ac29eabd147832e91543a2f1b2975d222ea526e2536e9c34a63e3fb193b4c37d",
      "demo_id": "63",
      "demo_path": "demos/general_relativity/demo-63-gravitational-wave-inspiral-phasing",
      "domain": "general_relativity",
      "folder": "demo-63-gravitational-wave-inspiral-phasing",
      "mode": "run",
      "notes": "",
      "returncode": 0,
      "seconds": 0.253621,
      "status": "PASS",
      "stderr_path": "audits/bundles/GUM_BUNDLE_v30_20260120T032353Z/logs/general_relativity__demo-63-gravitational-wave-inspiral-phasing.err.txt",
      "stderr_sha256": "d28d2cdfc44fd8aa9c1f8033ea98b5007dd8eb6976a2763e0873089fb2acf675",
      "stdout_path": "audits/bundles/GUM_BUNDLE_v30_20260120T032353Z/logs/general_relativity__demo-63-gravitational-wave-inspiral-phasing.out.txt",
      "stdout_sha256": "10621b02aa9958a20e3c782537a549e9229533017ea48e9aae1f89db3a7705ff"
    },
    "64": {
      "code_sha256": "6c0694a41546b177acc71cc8e29d6ca3395e2c8feacedc5affe2063a4251aca5",
      "demo_id": "64",
      "demo_path": "demos/substrate/demo-64-base-gauge-invariance-integer-selector",
      "domain": "substrate",
      "folder": "demo-64-base-gauge-invariance-integer-selector",
      "mode": "run",
      "notes": "",
      "returncode": 0,
      "seconds": 0.075988,
      "status": "PASS",
      "stderr_path": "audits/bundles/GUM_BUNDLE_v30_20260120T032353Z/logs/substrate__demo-64-base-gauge-invariance-integer-selector.err.txt",
      "stderr_sha256": "32d37004e3a4e4a22878824c52cf7dc3139912100a73c1a7cbea4a11209afa9d",
      "stdout_path": "audits/bundles/GUM_BUNDLE_v30_20260120T032353Z/logs/substrate__demo-64-base-gauge-invariance-integer-selector.out.txt",
      "stdout_sha256": "ed058f5db4efdcb4df72f7d51738cf0a37cc749a23c920034963be18084f856a"
    },
    "65": {
      "code_sha256": "fbc59e24b80b3f94061e68fa213b7cc6b7b37090d1cb6b14ea0d05f2b4161d3a",
      "demo_id": "65",
      "demo_path": "demos/infinity/demo-65-continuous-lift-paradox",
      "domain": "infinity",
      "folder": "demo-65-continuous-lift-paradox",
      "mode": "run",
      "notes": "",
      "returncode": 0,
      "seconds": 2.773158,
      "status": "PASS",
      "stderr_path": "audits/bundles/GUM_BUNDLE_v30_20260120T032353Z/logs/infinity__demo-65-continuous-lift-paradox.err.txt",
      "stderr_sha256": "a3eba0d313dafa5c500d29d333d096a3bd7baccce8c90289a9bda316c9fd2cc8",
      "stdout_path": "audits/bundles/GUM_BUNDLE_v30_20260120T032353Z/logs/infinity__demo-65-continuous-lift-paradox.out.txt",
      "stdout_sha256": "e44381b5317636b3009adb3acf9f57e642fab702e5e5314eaf5b7492d4c9beba"
    },
    "66": {
      "code_sha256": "ef4cb32ac3a665506e37d1a14b2f8ae0390da6e6764137a6816eb604b3bdf5af",
      "demo_id": "66",
      "demo_path": "demos/quantum_gravity/demo-66-quantum-gravity-master-flagship-v4",
      "domain": "quantum_gravity",
      "folder": "demo-66-quantum-gravity-master-flagship-v4",
      "mode": "cert",
      "notes": "",
      "returncode": 0,
      "seconds": 0.090504,
      "status": "PASS",
      "stderr_path": "audits/bundles/GUM_BUNDLE_v30_20260120T032353Z/logs/quantum_gravity__demo-66-quantum-gravity-master-flagship-v4.err.txt",
      "stderr_sha256": "e3b0c44298fc1c149afbf4c8996fb92427ae41e4649b934ca495991b7852b855",
      "stdout_path": "audits/bundles/GUM_BUNDLE_v30_20260120T032353Z/logs/quantum_gravity__demo-66-quantum-gravity-master-flagship-v4.out.txt",
      "stdout_sha256": "ea1ab46bec4934ea38452fa3df62bba7215c5cdfef20af60796b114d38372919"
    },
    "67": {
      "code_sha256": "4e00a354e960da013f75906cb6ca0071accf045710fb6808a159967fa31d9028",
      "demo_id": "67",
      "demo_path": "demos/infinity/demo-67-navier-stokes-master-flagship",
      "domain": "infinity",
      "folder": "demo-67-navier-stokes-master-flagship",
      "mode": "run",
      "notes": "",
      "returncode": 0,
      "seconds": 64.797776,
      "status": "PASS",
      "stderr_path": "audits/bundles/GUM_BUNDLE_v30_20260120T032353Z/logs/infinity__demo-67-navier-stokes-master-flagship.err.txt",
      "stderr_sha256": "32e8f71a46c7d7eb2aa634cda46d75956e45cbdbed5b3446ba6b0833acc323c7",
      "stdout_path": "audits/bundles/GUM_BUNDLE_v30_20260120T032353Z/logs/infinity__demo-67-navier-stokes-master-flagship.out.txt",
      "stdout_sha256": "9a46cbd4ccf8392aed95911abe0ae2b4bc0ba756d1da21ee8d884fa410dedddb"
    },
    "68": {
      "code_sha256": "98e3c3a6c8865c0434d55a38347cb804432d52e62efeb5177ce4b26f1c35a424",
      "demo_id": "68",
      "demo_path": "demos/general_relativity/demo-68-general-relativity-master-flagship",
      "domain": "general_relativity",
      "folder": "demo-68-general-relativity-master-flagship",
      "mode": "run",
      "notes": "",
      "returncode": 0,
      "seconds": 2.076811,
      "status": "PASS",
      "stderr_path": "audits/bundles/GUM_BUNDLE_v30_20260120T032353Z/logs/general_relativity__demo-68-general-relativity-master-flagship.err.txt",
      "stderr_sha256": "e3b0c44298fc1c149afbf4c8996fb92427ae41e4649b934ca495991b7852b855",
      "stdout_path": "audits/bundles/GUM_BUNDLE_v30_20260120T032353Z/logs/general_relativity__demo-68-general-relativity-master-flagship.out.txt",
      "stdout_sha256": "fcdaa4a7e0c85800087230a6642872a88cafd280d6e66e155d1b9ed0c60bca13"
    },
    "69": {
      "code_sha256": "f88eb6ef2f6c2ce1a11c4cd6664880b49a22c85486e91c5e4a1dec081383da1e",
      "demo_id": "69",
      "demo_path": "demos/controllers/demo-69-oatb-operator-admissibility-transfer-bridge",
      "domain": "controllers",
      "folder": "demo-69-oatb-operator-admissibility-transfer-bridge",
      "mode": "run",
      "notes": "",
      "returncode": 0,
      "seconds": 5.86148,
      "status": "PASS",
      "stderr_path": "audits/bundles/GUM_BUNDLE_v30_20260120T032353Z/logs/controllers__demo-69-oatb-operator-admissibility-transfer-bridge.err.txt",
      "stderr_sha256": "d6bcb715ef78f3fbb4345e486fa1ab8f3b37a4d18a611d13f806ac86aa6bc5b1",
      "stdout_path": "audits/bundles/GUM_BUNDLE_v30_20260120T032353Z/logs/controllers__demo-69-oatb-operator-admissibility-transfer-bridge.out.txt",
      "stdout_sha256": "79ff6932debe11be79d87d40b4ac0409b8b905b5c043376f505a6ea8206986bd"
    },
    "70": {
      "code_sha256": "22d96168011f931ec65be9e4526037ea35ef55c2107effd54bd42b6d55b9492a",
      "demo_id": "70",
      "demo_path": "demos/standard_model/demo-70-higgs-master-flagship",
      "domain": "standard_model",
      "folder": "demo-70-higgs-master-flagship",
      "mode": "run",
      "notes": "",
      "returncode": 0,
      "seconds": 1.098435,
      "status": "PASS",
      "stderr_path": "audits/bundles/GUM_BUNDLE_v30_20260120T032353Z/logs/standard_model__demo-70-higgs-master-flagship.err.txt",
      "stderr_sha256": "c89620149a3f26388d03aa3885210e8e56cfab2074abb32e29de8d94eb4477e3",
      "stdout_path": "audits/bundles/GUM_BUNDLE_v30_20260120T032353Z/logs/standard_model__demo-70-higgs-master-flagship.out.txt",
      "stdout_sha256": "45cd4377f7414dd4564eb034a87fdb23ee0fbfc038cf9b4d7ffd1d29c54e190c"
    },
    "71": {
      "code_sha256": "78bf2731adce3bdd46f7ac93c12c14f72890f7d41adbb4151b2dac9e234929d5",
      "demo_id": "71",
      "demo_path": "demos/foundations/demo-71-one-action-master-flagship",
      "domain": "foundations",
      "folder": "demo-71-one-action-master-flagship",
      "mode": "run",
      "notes": "",
      "returncode": 0,
      "seconds": 0.274019,
      "status": "PASS",
      "stderr_path": "audits/bundles/GUM_BUNDLE_v30_20260120T032353Z/logs/foundations__demo-71-one-action-master-flagship.err.txt",
      "stderr_sha256": "b53ac8327fcac23156a6eda205dc95a4866f4244317f14b28a92b0495363c309",
      "stdout_path": "audits/bundles/GUM_BUNDLE_v30_20260120T032353Z/logs/foundations__demo-71-one-action-master-flagship.out.txt",
      "stdout_sha256": "e206ed8a58b6a6310ae5c2a9059b9027c62932839eed128f5188025cc549fe13"
    },
    "72": {
      "code_sha256": "a3fbbc7f14770ef32eb551ff70d69e2613429935741a9228b5175af4c22f5b1b",
      "demo_id": "72",
      "demo_path": "demos/sm/demo-72-yukawa",
      "domain": "sm",
      "folder": "demo-72-yukawa",
      "mode": "run",
      "notes": "",
      "returncode": 0,
      "seconds": 0.141955,
      "status": "PASS",
      "stderr_path": "audits/bundles/GUM_BUNDLE_v30_20260120T032353Z/logs/sm__demo-72-yukawa.err.txt",
      "stderr_sha256": "e3b0c44298fc1c149afbf4c8996fb92427ae41e4649b934ca495991b7852b855",
      "stdout_path": "audits/bundles/GUM_BUNDLE_v30_20260120T032353Z/logs/sm__demo-72-yukawa.out.txt",
      "stdout_sha256": "4c4cce69ee6ef0a1f86e745de30b9f694f151187987e37eed6a39dbad8bfa75c"
    },
    "73": {
      "code_sha256": "33514b94c635ef02f20ed4eaaf8dee9f01b6bf99dec80c9377d8d3a2920ea2a5",
      "demo_id": "73",
      "demo_path": "demos/standard_model/demo-73-flavor-completion-master-flagship",
      "domain": "standard_model",
      "folder": "demo-73-flavor-completion-master-flagship",
      "mode": "run",
      "notes": "",
      "returncode": 0,
      "seconds": 0.195475,
      "status": "PASS",
      "stderr_path": "audits/bundles/GUM_BUNDLE_v30_20260120T032353Z/logs/standard_model__demo-73-flavor-completion-master-flagship.err.txt",
      "stderr_sha256": "d10597a140b1c7dc9c792266032e26b0fcb12fe1cda20e7da82aae08784a8378",
      "stdout_path": "audits/bundles/GUM_BUNDLE_v30_20260120T032353Z/logs/standard_model__demo-73-flavor-completion-master-flagship.out.txt",
      "stdout_sha256": "a865009576941c1a77ef63df3cec7852fb305c3e21d5b49cda82989594ca01ec"
    },
    "75": {
      "code_sha256": "25d17946394abb9bda0d483a7a2c86749104c75a5856bfbd5c0792fcdf7a19bc",
      "demo_id": "75",
      "demo_path": "demos/foundations/demo-75-prediction-ledger-master-flagship",
      "domain": "foundations",
      "folder": "demo-75-prediction-ledger-master-flagship",
      "mode": "run",
      "notes": "",
      "returncode": 0,
      "seconds": 0.262035,
      "status": "PASS",
      "stderr_path": "audits/bundles/GUM_BUNDLE_v30_20260120T032353Z/logs/foundations__demo-75-prediction-ledger-master-flagship.err.txt",
      "stderr_sha256": "b624c400c9f4ab788d13ec2687cb4fc177507ab33b7f583e1409e60dd3ecbfaf",
      "stdout_path": "audits/bundles/GUM_BUNDLE_v30_20260120T032353Z/logs/foundations__demo-75-prediction-ledger-master-flagship.out.txt",
      "stdout_sha256": "3e6db97bcc506d1aa7efe54fb5d9ddbd0dbae4ad6fb6487366d6aee2fda52b1c"
    },
    "76": {
      "code_sha256": "8cb834c2124473a177c7a5fd8a20a59035318876f903f8ab7b44eb62a231056f",
      "demo_id": "76",
      "demo_path": "demos/sm/demo-76-primorial-yukawa-master-flagship",
      "domain": "sm",
      "folder": "demo-76-primorial-yukawa-master-flagship",
      "mode": "run",
      "notes": "",
      "returncode": 0,
      "seconds": 0.189482,
      "status": "PASS",
      "stderr_path": "audits/bundles/GUM_BUNDLE_v30_20260120T032353Z/logs/sm__demo-76-primorial-yukawa-master-flagship.err.txt",
      "stderr_sha256": "2a457bc6e8417388f848dafe56fb5197938a00c5dd8d5d94b284d16df88a0605",
      "stdout_path": "audits/bundles/GUM_BUNDLE_v30_20260120T032353Z/logs/sm__demo-76-primorial-yukawa-master-flagship.out.txt",
      "stdout_sha256": "cea50563592f0a6149598e4f9335e56723da9bc849bb7f770b3090411500e9d2"
    }
  },
  "source_ledger": null,
  "source_ledger_sha256": null
}