{
  "demo_id": "76",
  "label": "DEMO-76",
  "demo_path": "demos/standard_model/demo-76-primorial-yukawa-master-flagship",
  "code_sha256": "8cb834c2124473a177c7a5fd8a20a59035318876f903f8ab7b44eb62a231056f",
  "stdout_sha256": "2f4bcfccc3a57cff65ef8687ab16267798028b6ec8888c1d6d98809a62995820",
  "stderr_sha256": "7328c4ea2c0ba6f5367bfacbaf8b6fbf62d4b7289ba7736faf2bd88e9b9de183",
  "files": [
    {
      "path": "standard_model__demo-76-primorial-yukawa-master-flagship.err.txt",
      "sha256": "7328c4ea2c0ba6f5367bfacbaf8b6fbf62d4b7289ba7736faf2bd88e9b9de183",
      "bytes": 803
    },
    {
      "path": "standard_model__demo-76-primorial-yukawa-master-flagship.out.txt",
      "sha256": "2f4bcfccc3a57cff65ef8687ab16267798028b6ec8888c1d6d98809a62995820",
      "bytes": 10607
    },
    {
      "path": "demo.py",
      "sha256": "8cb834c2124473a177c7a5fd8a20a59035318876f903f8ab7b44eb62a231056f",
      "bytes": 32151
    }
  ]
}
