{
  "git_head": "54cf45a8b394ac6df7cb3ed8768138b6f8c89378",
  "git_is_clean": false,
  "tracked_count": 280,
  "tracked_files": [
    {
      "path": ".gitignore",
      "sha256": "db53875d7ce55d5d4cdf16662def1210b4f889cc2965f3e81d7257e862be85e9",
      "size_bytes": 1431
    },
    {
      "path": "CAMB_EXPECTED_ASSETS.md",
      "sha256": "0c124a2e495b2e259a6b33ab928af938969ef8a42de8168264a5bf2c53b189ac",
      "size_bytes": 577
    },
    {
      "path": "__init__.py",
      "sha256": "01ba4719c80b6fe911b091a7c05124b64eeece964e09c058ef8f9805daca546b",
      "size_bytes": 1
    },
    {
      "path": "atlas_substrate_visualization/README.md",
      "sha256": "634702e8ec29521875330a296a255ac74165df78f387194884a661d6460ebc91",
      "size_bytes": 653
    },
    {
      "path": "atlas_substrate_visualization/__init__.py",
      "sha256": "01ba4719c80b6fe911b091a7c05124b64eeece964e09c058ef8f9805daca546b",
      "size_bytes": 1
    },
    {
      "path": "atlas_substrate_visualization/visual_atlas_1.html",
      "sha256": "c183512c4d7b88dd42f877a463171a2d8d5ea1f592094c71d2c76b69dde1b1cd",
      "size_bytes": 38621
    },
    {
      "path": "audits/__init__.py",
      "sha256": "01ba4719c80b6fe911b091a7c05124b64eeece964e09c058ef8f9805daca546b",
      "size_bytes": 1
    },
    {
      "path": "audits/a2_archive_master.py",
      "sha256": "fe287e27f013161836aea5ba42a8f1d84554cd8e41a68ccb30cc80eef04cc277",
      "size_bytes": 59809
    },
    {
      "path": "audits/gum_bundle_v30.py",
      "sha256": "b3684f948ccb14b3310bc18b453c358fb100df67a64adcc4bf4c4650a89f7ddf",
      "size_bytes": 23206
    },
    {
      "path": "audits/marithmetics_unified_theory.py",
      "sha256": "dd481c6501adbdfec30332e4e78262eec8e4540ef3a1fa5453aa7f2c57a12e93",
      "size_bytes": 65420
    },
    {
      "path": "audits/run_foundations_capsule.py",
      "sha256": "c712ecbc5b4ac2dccc516fbcf169ac0b4d57ee33759fcca675e0d7eda01088a4",
      "size_bytes": 13098
    },
    {
      "path": "audits/tier_a_master_referee_demo_v6.py",
      "sha256": "9ebc11a663acdb24718e527c1b701ac60fc456ce9ab82205bcc3d8a330a18d4b",
      "size_bytes": 32525
    },
    {
      "path": "demos/__init__.py",
      "sha256": "459cae00ed76c5ac9a11b2e437a8b063b44d99392f42021f685b2e91f0f70c62",
      "size_bytes": 16
    },
    {
      "path": "demos/controllers/__init__.py",
      "sha256": "459cae00ed76c5ac9a11b2e437a8b063b44d99392f42021f685b2e91f0f70c62",
      "size_bytes": 16
    },
    {
      "path": "demos/controllers/demo-56-deterministic-operator-calculus-vs-fd/README.md",
      "sha256": "a40494513091eaeaa66d301dfa4d455db842c3e76ebbd0ccd71b5c9176d5b434",
      "size_bytes": 4323
    },
    {
      "path": "demos/controllers/demo-56-deterministic-operator-calculus-vs-fd/__init__.py",
      "sha256": "459cae00ed76c5ac9a11b2e437a8b063b44d99392f42021f685b2e91f0f70c62",
      "size_bytes": 16
    },
    {
      "path": "demos/controllers/demo-56-deterministic-operator-calculus-vs-fd/demo.py",
      "sha256": "833acd006473c7d3b15edab630458e0d6098299041ac0850bf0dd2e8805e90a6",
      "size_bytes": 50085
    },
    {
      "path": "demos/controllers/demo-59-electromagnetism/README.md",
      "sha256": "c164afd1c3bc24a3cae305f69d57deaa76b129b57b9fa236261a56f8c8edce8a",
      "size_bytes": 6073
    },
    {
      "path": "demos/controllers/demo-59-electromagnetism/__init__.py",
      "sha256": "459cae00ed76c5ac9a11b2e437a8b063b44d99392f42021f685b2e91f0f70c62",
      "size_bytes": 16
    },
    {
      "path": "demos/controllers/demo-59-electromagnetism/demo.py",
      "sha256": "e2c60511de1f189674d6de23fa3a2e49fe5515c9a6b14738e715d1adf3cf1b1f",
      "size_bytes": 37248
    },
    {
      "path": "demos/controllers/demo-69-oatb-operator-admissibility-transfer-bridge/README.md",
      "sha256": "338ef869ce5e80c2c2b5b12edbedb843c3a26de2f3e199cf9e0c597041e34007",
      "size_bytes": 7226
    },
    {
      "path": "demos/controllers/demo-69-oatb-operator-admissibility-transfer-bridge/__init__.py",
      "sha256": "459cae00ed76c5ac9a11b2e437a8b063b44d99392f42021f685b2e91f0f70c62",
      "size_bytes": 16
    },
    {
      "path": "demos/controllers/demo-69-oatb-operator-admissibility-transfer-bridge/demo.py",
      "sha256": "f88eb6ef2f6c2ce1a11c4cd6664880b49a22c85486e91c5e4a1dec081383da1e",
      "size_bytes": 47258
    },
    {
      "path": "demos/cosmo/__init__.py",
      "sha256": "459cae00ed76c5ac9a11b2e437a8b063b44d99392f42021f685b2e91f0f70c62",
      "size_bytes": 16
    },
    {
      "path": "demos/cosmo/demo-36-big-bang-master-flagship/README.md",
      "sha256": "267693e237ca47990556c8c6d889ad11a74112a8b5781c3b73228ec3de4b79fe",
      "size_bytes": 9324
    },
    {
      "path": "demos/cosmo/demo-36-big-bang-master-flagship/__init__.py",
      "sha256": "459cae00ed76c5ac9a11b2e437a8b063b44d99392f42021f685b2e91f0f70c62",
      "size_bytes": 16
    },
    {
      "path": "demos/cosmo/demo-36-big-bang-master-flagship/bb36_master_plot.png",
      "sha256": "192daa31529c52034f124de1737b4aacda56de381e702eaa57da55609f69fdcc",
      "size_bytes": 70438
    },
    {
      "path": "demos/cosmo/demo-36-big-bang-master-flagship/bb36_master_results.json",
      "sha256": "1b7860e585265e7778aad20048fc2ea6ca8b825f303c239f3ae5e58a23dd18b9",
      "size_bytes": 5936
    },
    {
      "path": "demos/cosmo/demo-36-big-bang-master-flagship/camb_overlay.py",
      "sha256": "ee0ffa0f5406c0310405d94fd166b886a70fcfd56f3896f278eba2e7ef668517",
      "size_bytes": 4461
    },
    {
      "path": "demos/cosmo/demo-36-big-bang-master-flagship/demo.py",
      "sha256": "be1384b930644f1d3e142422a1603811e2363014c4824850de0b205d4519bc8f",
      "size_bytes": 33984
    },
    {
      "path": "demos/cosmo/demo-39-bb-a2/README.md",
      "sha256": "481568f8083ea64e52ba72a6dc215e4e01252bb6b29d5524cb1d18ed8f34617a",
      "size_bytes": 5442
    },
    {
      "path": "demos/cosmo/demo-39-bb-a2/__init__.py",
      "sha256": "459cae00ed76c5ac9a11b2e437a8b063b44d99392f42021f685b2e91f0f70c62",
      "size_bytes": 16
    },
    {
      "path": "demos/cosmo/demo-39-bb-a2/demo.py",
      "sha256": "e72e7790657950b2f91ec38c3a9014394a10ed5ad0d48ede23e29a124edf1b64",
      "size_bytes": 62898
    },
    {
      "path": "demos/foundations/__init__.py",
      "sha256": "459cae00ed76c5ac9a11b2e437a8b063b44d99392f42021f685b2e91f0f70c62",
      "size_bytes": 16
    },
    {
      "path": "demos/foundations/demo-53-lawbook-emergence/README.md",
      "sha256": "46568f23026b24fa2eaa504f8b9d40555db613eadbd7df1ad0600af27e2b8636",
      "size_bytes": 3895
    },
    {
      "path": "demos/foundations/demo-53-lawbook-emergence/__init__.py",
      "sha256": "459cae00ed76c5ac9a11b2e437a8b063b44d99392f42021f685b2e91f0f70c62",
      "size_bytes": 16
    },
    {
      "path": "demos/foundations/demo-53-lawbook-emergence/demo.py",
      "sha256": "3bb3ee1797bb7e46bbd488f7c27a631b6677a28d6b026623bd9fcb76bd04b45d",
      "size_bytes": 16813
    },
    {
      "path": "demos/foundations/demo-71-one-action-master-flagship/README.md",
      "sha256": "ff1138a935d564091ef7fbe63bf4f266878bf9a0a934b648bcd43ddc466b77a6",
      "size_bytes": 8010
    },
    {
      "path": "demos/foundations/demo-71-one-action-master-flagship/__init__.py",
      "sha256": "459cae00ed76c5ac9a11b2e437a8b063b44d99392f42021f685b2e91f0f70c62",
      "size_bytes": 16
    },
    {
      "path": "demos/foundations/demo-71-one-action-master-flagship/demo.py",
      "sha256": "78bf2731adce3bdd46f7ac93c12c14f72890f7d41adbb4151b2dac9e234929d5",
      "size_bytes": 32969
    },
    {
      "path": "demos/general_relativity/__init__.py",
      "sha256": "459cae00ed76c5ac9a11b2e437a8b063b44d99392f42021f685b2e91f0f70c62",
      "size_bytes": 16
    },
    {
      "path": "demos/general_relativity/demo-51-qft-gr-vacuum-suppression/README.md",
      "sha256": "36e1b141e65d70e68ba210b9b64ab238993872181804214699c09387d7e78264",
      "size_bytes": 4876
    },
    {
      "path": "demos/general_relativity/demo-51-qft-gr-vacuum-suppression/__init__.py",
      "sha256": "459cae00ed76c5ac9a11b2e437a8b063b44d99392f42021f685b2e91f0f70c62",
      "size_bytes": 16
    },
    {
      "path": "demos/general_relativity/demo-51-qft-gr-vacuum-suppression/demo.py",
      "sha256": "f0912b3074c3de95e9b8e78cbc92dd5a1c576a65b31587889009bdbfd838e870",
      "size_bytes": 20984
    },
    {
      "path": "demos/general_relativity/demo-58-emergent-weak-field-gr/README.md",
      "sha256": "e0f2a6af0098103e5b0f1df4630adb3b1e3c3ac965caf3d34e07e3eeeef7b812",
      "size_bytes": 6934
    },
    {
      "path": "demos/general_relativity/demo-58-emergent-weak-field-gr/__init__.py",
      "sha256": "459cae00ed76c5ac9a11b2e437a8b063b44d99392f42021f685b2e91f0f70c62",
      "size_bytes": 16
    },
    {
      "path": "demos/general_relativity/demo-58-emergent-weak-field-gr/demo.py",
      "sha256": "4a573b4927fb8682d04293870edd17e90aa84c972f12da542e448a4eebc9b7be",
      "size_bytes": 42101
    },
    {
      "path": "demos/general_relativity/demo-63-gravitational-wave-inspiral-phasing/README.md",
      "sha256": "3115f2d72d2a7f6a9b90d57cf288363818bb4f089cbee95073b05286dce4a0f7",
      "size_bytes": 4531
    },
    {
      "path": "demos/general_relativity/demo-63-gravitational-wave-inspiral-phasing/__init__.py",
      "sha256": "459cae00ed76c5ac9a11b2e437a8b063b44d99392f42021f685b2e91f0f70c62",
      "size_bytes": 16
    },
    {
      "path": "demos/general_relativity/demo-63-gravitational-wave-inspiral-phasing/demo.py",
      "sha256": "ac29eabd147832e91543a2f1b2975d222ea526e2536e9c34a63e3fb193b4c37d",
      "size_bytes": 16859
    },
    {
      "path": "demos/general_relativity/demo-68-general-relativity-master-flagship/README.md",
      "sha256": "32b2c204dbcfdbbd2e5c797d331a9fc5e2ec65fcedf324b5cc05124ceab88939",
      "size_bytes": 6177
    },
    {
      "path": "demos/general_relativity/demo-68-general-relativity-master-flagship/__init__.py",
      "sha256": "459cae00ed76c5ac9a11b2e437a8b063b44d99392f42021f685b2e91f0f70c62",
      "size_bytes": 16
    },
    {
      "path": "demos/general_relativity/demo-68-general-relativity-master-flagship/demo.py",
      "sha256": "98e3c3a6c8865c0434d55a38347cb804432d52e62efeb5177ce4b26f1c35a424",
      "size_bytes": 38727
    },
    {
      "path": "demos/gr/__init__.py",
      "sha256": "459cae00ed76c5ac9a11b2e437a8b063b44d99392f42021f685b2e91f0f70c62",
      "size_bytes": 16
    },
    {
      "path": "demos/gr/demo-51-qft-gr-vacuum-suppression/__init__.py",
      "sha256": "459cae00ed76c5ac9a11b2e437a8b063b44d99392f42021f685b2e91f0f70c62",
      "size_bytes": 16
    },
    {
      "path": "demos/gr/demo-58-emergent-weak-field-gr/__init__.py",
      "sha256": "459cae00ed76c5ac9a11b2e437a8b063b44d99392f42021f685b2e91f0f70c62",
      "size_bytes": 16
    },
    {
      "path": "demos/gr/demo-63-gravitational-wave-inspiral-phasing/__init__.py",
      "sha256": "459cae00ed76c5ac9a11b2e437a8b063b44d99392f42021f685b2e91f0f70c62",
      "size_bytes": 16
    },
    {
      "path": "demos/gr/demo-68-general-relativity-master-flagship/__init__.py",
      "sha256": "459cae00ed76c5ac9a11b2e437a8b063b44d99392f42021f685b2e91f0f70c62",
      "size_bytes": 16
    },
    {
      "path": "demos/infinity/__init__.py",
      "sha256": "459cae00ed76c5ac9a11b2e437a8b063b44d99392f42021f685b2e91f0f70c62",
      "size_bytes": 16
    },
    {
      "path": "demos/infinity/demo-65-continuous-lift-paradox/README.md",
      "sha256": "510e2b8f6ddf89319376d66e2387961e9571f72af08b73a4b8c6bb1a18644e5b",
      "size_bytes": 6943
    },
    {
      "path": "demos/infinity/demo-65-continuous-lift-paradox/__init__.py",
      "sha256": "459cae00ed76c5ac9a11b2e437a8b063b44d99392f42021f685b2e91f0f70c62",
      "size_bytes": 16
    },
    {
      "path": "demos/infinity/demo-65-continuous-lift-paradox/demo.py",
      "sha256": "fbc59e24b80b3f94061e68fa213b7cc6b7b37090d1cb6b14ea0d05f2b4161d3a",
      "size_bytes": 46852
    },
    {
      "path": "demos/infinity/demo-67-navier-stokes-master-flagship/README.md",
      "sha256": "53101e313d0bf4423e5b737070ef8eedb22cf537956c3d84ea947c42d4affdfe",
      "size_bytes": 5421
    },
    {
      "path": "demos/infinity/demo-67-navier-stokes-master-flagship/__init__.py",
      "sha256": "459cae00ed76c5ac9a11b2e437a8b063b44d99392f42021f685b2e91f0f70c62",
      "size_bytes": 16
    },
    {
      "path": "demos/infinity/demo-67-navier-stokes-master-flagship/demo.py",
      "sha256": "4e00a354e960da013f75906cb6ca0071accf045710fb6808a159967fa31d9028",
      "size_bytes": 47914
    },
    {
      "path": "demos/quantum/__init__.py",
      "sha256": "459cae00ed76c5ac9a11b2e437a8b063b44d99392f42021f685b2e91f0f70c62",
      "size_bytes": 16
    },
    {
      "path": "demos/quantum/demo-60-quantum-master-flagship/README.md",
      "sha256": "64d465d3a185af09a8bead7823bc38399234429c7ae944b22a046a554739bda9",
      "size_bytes": 6161
    },
    {
      "path": "demos/quantum/demo-60-quantum-master-flagship/__init__.py",
      "sha256": "459cae00ed76c5ac9a11b2e437a8b063b44d99392f42021f685b2e91f0f70c62",
      "size_bytes": 16
    },
    {
      "path": "demos/quantum/demo-60-quantum-master-flagship/demo.py",
      "sha256": "fba4ac6667a7e649d774e3aee773be53362fd17c92af83a116c2122536b660f2",
      "size_bytes": 31645
    },
    {
      "path": "demos/quantum_gravity/__init__.py",
      "sha256": "459cae00ed76c5ac9a11b2e437a8b063b44d99392f42021f685b2e91f0f70c62",
      "size_bytes": 16
    },
    {
      "path": "demos/quantum_gravity/demo-66a-quantum-gravity-master-flagship-v1/README.md",
      "sha256": "46371e450b0644974d67db115d8f6c248bab1c2079d2171d65821f529ef1845f",
      "size_bytes": 6781
    },
    {
      "path": "demos/quantum_gravity/demo-66a-quantum-gravity-master-flagship-v1/__init__.py",
      "sha256": "459cae00ed76c5ac9a11b2e437a8b063b44d99392f42021f685b2e91f0f70c62",
      "size_bytes": 16
    },
    {
      "path": "demos/quantum_gravity/demo-66a-quantum-gravity-master-flagship-v1/demo.py",
      "sha256": "0e0bb684ac6b62776a6302fab78e2f73c71892217a2a2411e5f4aa1edb6fce91",
      "size_bytes": 32012
    },
    {
      "path": "demos/quantum_gravity/demo-66b-quantum-gravity-master-flagship-v2/README.md",
      "sha256": "943241e2671601059e3d0ea070a001c2a42502befcffe28b8475ada13dc2bed3",
      "size_bytes": 7845
    },
    {
      "path": "demos/quantum_gravity/demo-66b-quantum-gravity-master-flagship-v2/__init__.py",
      "sha256": "459cae00ed76c5ac9a11b2e437a8b063b44d99392f42021f685b2e91f0f70c62",
      "size_bytes": 16
    },
    {
      "path": "demos/quantum_gravity/demo-66b-quantum-gravity-master-flagship-v2/demo.py",
      "sha256": "9d23f8b4d560596117f00f85f6aeb070a368485616a87f3973ed2958f2a632fc",
      "size_bytes": 27747
    },
    {
      "path": "demos/quantum_gravity/demo-66b-quantum-gravity-master-flagship-v2/demo66_master_results.json",
      "sha256": "de899bf569cf1ea2b94bf055cb67d601cde1143e6704cb41d79f67f35a688338",
      "size_bytes": 1828
    },
    {
      "path": "demos/quantum_gravity/demo-66b-quantum-gravity-master-flagship-v2/demo66_screening_plot.png",
      "sha256": "05c97460ff5c2b4e135e42c3c31f059c4dfe900253b199989f630ef7b5962dab",
      "size_bytes": 62032
    },
    {
      "path": "demos/sm/__init__.py",
      "sha256": "459cae00ed76c5ac9a11b2e437a8b063b44d99392f42021f685b2e91f0f70c62",
      "size_bytes": 16
    },
    {
      "path": "demos/sm/demo-37-math-sm-master-flagship/__init__.py",
      "sha256": "459cae00ed76c5ac9a11b2e437a8b063b44d99392f42021f685b2e91f0f70c62",
      "size_bytes": 16
    },
    {
      "path": "demos/sm/demo-55-proton-charge-radius/__init__.py",
      "sha256": "459cae00ed76c5ac9a11b2e437a8b063b44d99392f42021f685b2e91f0f70c62",
      "size_bytes": 16
    },
    {
      "path": "demos/sm/demo-70-higgs-master-flagship/__init__.py",
      "sha256": "459cae00ed76c5ac9a11b2e437a8b063b44d99392f42021f685b2e91f0f70c62",
      "size_bytes": 16
    },
    {
      "path": "demos/standard_model/__init__.py",
      "sha256": "459cae00ed76c5ac9a11b2e437a8b063b44d99392f42021f685b2e91f0f70c62",
      "size_bytes": 16
    },
    {
      "path": "demos/standard_model/demo-33-first-principles-standard-model-sm28-closure/demo.py",
      "sha256": "33413bbb5d92dc70572d72e928f9adf6e165b493a74ed01da1bb19e1361460af",
      "size_bytes": 100034
    },
    {
      "path": "demos/standard_model/demo-33-first-principles-standard-model-sm28-closure/demo33_cert_bundle_2026-01-11T235122Z/BUNDLE_SHA256.txt",
      "sha256": "ec3248bf023a0ddfb058777c8f57fa95ed3f45dcda0b9e15e89dea720163c035",
      "size_bytes": 65
    },
    {
      "path": "demos/standard_model/demo-33-first-principles-standard-model-sm28-closure/demo33_cert_bundle_2026-01-11T235122Z/RUN_COMMAND.txt",
      "sha256": "b0d863fc2d8e71997c21204c0d0ea914ece5bec196bea83781b2ef060dcc39fb",
      "size_bytes": 22
    },
    {
      "path": "demos/standard_model/demo-33-first-principles-standard-model-sm28-closure/demo33_cert_bundle_2026-01-11T235122Z/bundle_zip_sha256.txt",
      "sha256": "53cff1f446ef0dce56a4dadbaaa3d57d68eab1579fc83314b199728888bbb8fa",
      "size_bytes": 65
    },
    {
      "path": "demos/standard_model/demo-33-first-principles-standard-model-sm28-closure/demo33_cert_bundle_2026-01-11T235122Z/code_sha256.json",
      "sha256": "50150a288d2bcd95f154291b518116975526f7a6effc9fa0ef6524bec2895327",
      "size_bytes": 84
    },
    {
      "path": "demos/standard_model/demo-33-first-principles-standard-model-sm28-closure/demo33_cert_bundle_2026-01-11T235122Z/output_sha256.json",
      "sha256": "66ceeb4e3c99307e4504028400809aa6c2047cb0fc1b3c5476c770992b819ce6",
      "size_bytes": 187
    },
    {
      "path": "demos/standard_model/demo-33-first-principles-standard-model-sm28-closure/demo33_cert_bundle_2026-01-11T235122Z/run_metadata.json",
      "sha256": "f35dcfcfd7132f066cd9c38c235fcc2471c650d3532f9f3a58624cfe90d7f21c",
      "size_bytes": 342
    },
    {
      "path": "demos/standard_model/demo-33-first-principles-standard-model-sm28-closure/demo33_cert_bundle_2026-01-11T235122Z/stderr.txt",
      "sha256": "e3b0c44298fc1c149afbf4c8996fb92427ae41e4649b934ca495991b7852b855",
      "size_bytes": 0
    },
    {
      "path": "demos/standard_model/demo-33-first-principles-standard-model-sm28-closure/demo33_cert_bundle_2026-01-11T235122Z/stdout.txt",
      "sha256": "b85104f9a05f0f1a07e070aef07349829c5b2abc91b3fb157672c2d442130877",
      "size_bytes": 21778
    },
    {
      "path": "demos/standard_model/demo-33-first-principles-standard-model-sm28-closure/demo33_cert_bundle_2026-01-12T040333Z/BUNDLE_SHA256.txt",
      "sha256": "7d9ca251cbf5ea66186e48156b3b99c557899f5987133d27954e706ad7e26032",
      "size_bytes": 65
    },
    {
      "path": "demos/standard_model/demo-33-first-principles-standard-model-sm28-closure/demo33_cert_bundle_2026-01-12T040333Z/RUN_COMMAND.txt",
      "sha256": "b0d863fc2d8e71997c21204c0d0ea914ece5bec196bea83781b2ef060dcc39fb",
      "size_bytes": 22
    },
    {
      "path": "demos/standard_model/demo-33-first-principles-standard-model-sm28-closure/demo33_cert_bundle_2026-01-12T040333Z/bundle_zip_sha256.txt",
      "sha256": "eac942993adc924ff724fd656c76f1609f927c02d4c8e12e4d7c1df793ba0eef",
      "size_bytes": 65
    },
    {
      "path": "demos/standard_model/demo-33-first-principles-standard-model-sm28-closure/demo33_cert_bundle_2026-01-12T040333Z/code_sha256.json",
      "sha256": "50150a288d2bcd95f154291b518116975526f7a6effc9fa0ef6524bec2895327",
      "size_bytes": 84
    },
    {
      "path": "demos/standard_model/demo-33-first-principles-standard-model-sm28-closure/demo33_cert_bundle_2026-01-12T040333Z/output_sha256.json",
      "sha256": "66ceeb4e3c99307e4504028400809aa6c2047cb0fc1b3c5476c770992b819ce6",
      "size_bytes": 187
    },
    {
      "path": "demos/standard_model/demo-33-first-principles-standard-model-sm28-closure/demo33_cert_bundle_2026-01-12T040333Z/run_metadata.json",
      "sha256": "b4930eae509406e8ab6bda23716df4a8c5418168e7a4153355ccfb1571c22ebd",
      "size_bytes": 342
    },
    {
      "path": "demos/standard_model/demo-33-first-principles-standard-model-sm28-closure/demo33_cert_bundle_2026-01-12T040333Z/stderr.txt",
      "sha256": "e3b0c44298fc1c149afbf4c8996fb92427ae41e4649b934ca495991b7852b855",
      "size_bytes": 0
    },
    {
      "path": "demos/standard_model/demo-33-first-principles-standard-model-sm28-closure/demo33_cert_bundle_2026-01-12T040333Z/stdout.txt",
      "sha256": "b85104f9a05f0f1a07e070aef07349829c5b2abc91b3fb157672c2d442130877",
      "size_bytes": 21778
    },
    {
      "path": "demos/standard_model/demo-33-first-principles-standard-model-sm28-closure/demo33_cert_bundle_2026-01-12T042457Z/BUNDLE_SHA256.txt",
      "sha256": "eee01f0ae97700bbc4421ef4011738d6b19f2b155e71f36657c2f528d4f3c1ad",
      "size_bytes": 65
    },
    {
      "path": "demos/standard_model/demo-33-first-principles-standard-model-sm28-closure/demo33_cert_bundle_2026-01-12T042457Z/RUN_COMMAND.txt",
      "sha256": "b0d863fc2d8e71997c21204c0d0ea914ece5bec196bea83781b2ef060dcc39fb",
      "size_bytes": 22
    },
    {
      "path": "demos/standard_model/demo-33-first-principles-standard-model-sm28-closure/demo33_cert_bundle_2026-01-12T042457Z/bundle_zip_sha256.txt",
      "sha256": "5b850779718514fd4d38ff0f7fcc28ad1872c5722fa7b4e5eac29d94aa26f84b",
      "size_bytes": 65
    },
    {
      "path": "demos/standard_model/demo-33-first-principles-standard-model-sm28-closure/demo33_cert_bundle_2026-01-12T042457Z/code_sha256.json",
      "sha256": "50150a288d2bcd95f154291b518116975526f7a6effc9fa0ef6524bec2895327",
      "size_bytes": 84
    },
    {
      "path": "demos/standard_model/demo-33-first-principles-standard-model-sm28-closure/demo33_cert_bundle_2026-01-12T042457Z/output_sha256.json",
      "sha256": "66ceeb4e3c99307e4504028400809aa6c2047cb0fc1b3c5476c770992b819ce6",
      "size_bytes": 187
    },
    {
      "path": "demos/standard_model/demo-33-first-principles-standard-model-sm28-closure/demo33_cert_bundle_2026-01-12T042457Z/run_metadata.json",
      "sha256": "e97119b01b3f1ef38a44851122ec6d9a8ec302a52a61b45989168c61fe910c26",
      "size_bytes": 342
    },
    {
      "path": "demos/standard_model/demo-33-first-principles-standard-model-sm28-closure/demo33_cert_bundle_2026-01-12T042457Z/stderr.txt",
      "sha256": "e3b0c44298fc1c149afbf4c8996fb92427ae41e4649b934ca495991b7852b855",
      "size_bytes": 0
    },
    {
      "path": "demos/standard_model/demo-33-first-principles-standard-model-sm28-closure/demo33_cert_bundle_2026-01-12T042457Z/stdout.txt",
      "sha256": "b85104f9a05f0f1a07e070aef07349829c5b2abc91b3fb157672c2d442130877",
      "size_bytes": 21778
    },
    {
      "path": "demos/standard_model/demo-33-first-principles-standard-model-sm28-closure/demo33_cert_bundle_2026-01-12T043101Z/BUNDLE_SHA256.txt",
      "sha256": "2b4767ffa0a6bc44196d7211cc7977376ca9babe93953a98a865f31ecb285c70",
      "size_bytes": 65
    },
    {
      "path": "demos/standard_model/demo-33-first-principles-standard-model-sm28-closure/demo33_cert_bundle_2026-01-12T043101Z/RUN_COMMAND.txt",
      "sha256": "b0d863fc2d8e71997c21204c0d0ea914ece5bec196bea83781b2ef060dcc39fb",
      "size_bytes": 22
    },
    {
      "path": "demos/standard_model/demo-33-first-principles-standard-model-sm28-closure/demo33_cert_bundle_2026-01-12T043101Z/bundle_zip_sha256.txt",
      "sha256": "e4d07676e597bc88d4f9961732ede3e926c5e919a4f9e8679ef658d25e5392d3",
      "size_bytes": 65
    },
    {
      "path": "demos/standard_model/demo-33-first-principles-standard-model-sm28-closure/demo33_cert_bundle_2026-01-12T043101Z/code_sha256.json",
      "sha256": "50150a288d2bcd95f154291b518116975526f7a6effc9fa0ef6524bec2895327",
      "size_bytes": 84
    },
    {
      "path": "demos/standard_model/demo-33-first-principles-standard-model-sm28-closure/demo33_cert_bundle_2026-01-12T043101Z/output_sha256.json",
      "sha256": "66ceeb4e3c99307e4504028400809aa6c2047cb0fc1b3c5476c770992b819ce6",
      "size_bytes": 187
    },
    {
      "path": "demos/standard_model/demo-33-first-principles-standard-model-sm28-closure/demo33_cert_bundle_2026-01-12T043101Z/run_metadata.json",
      "sha256": "c7d9a5c9fef37772627869e573c52a05216ae9e0085005e535fe0331667587a2",
      "size_bytes": 342
    },
    {
      "path": "demos/standard_model/demo-33-first-principles-standard-model-sm28-closure/demo33_cert_bundle_2026-01-12T043101Z/stderr.txt",
      "sha256": "e3b0c44298fc1c149afbf4c8996fb92427ae41e4649b934ca495991b7852b855",
      "size_bytes": 0
    },
    {
      "path": "demos/standard_model/demo-33-first-principles-standard-model-sm28-closure/demo33_cert_bundle_2026-01-12T043101Z/stdout.txt",
      "sha256": "b85104f9a05f0f1a07e070aef07349829c5b2abc91b3fb157672c2d442130877",
      "size_bytes": 21778
    },
    {
      "path": "demos/standard_model/demo-33-first-principles-standard-model-sm28-closure/demo33_cert_bundle_2026-01-12T044716Z/BUNDLE_SHA256.txt",
      "sha256": "2a63ca4ed6b4e52e38472d761a66458fdd6aea6680dca60661a17741067852b9",
      "size_bytes": 65
    },
    {
      "path": "demos/standard_model/demo-33-first-principles-standard-model-sm28-closure/demo33_cert_bundle_2026-01-12T044716Z/RUN_COMMAND.txt",
      "sha256": "b0d863fc2d8e71997c21204c0d0ea914ece5bec196bea83781b2ef060dcc39fb",
      "size_bytes": 22
    },
    {
      "path": "demos/standard_model/demo-33-first-principles-standard-model-sm28-closure/demo33_cert_bundle_2026-01-12T044716Z/bundle_zip_sha256.txt",
      "sha256": "399d3f8058acb8902f5ddb32ac03a94ccd2c8c450d05a806a50d488d3c3b8cd3",
      "size_bytes": 65
    },
    {
      "path": "demos/standard_model/demo-33-first-principles-standard-model-sm28-closure/demo33_cert_bundle_2026-01-12T044716Z/code_sha256.json",
      "sha256": "50150a288d2bcd95f154291b518116975526f7a6effc9fa0ef6524bec2895327",
      "size_bytes": 84
    },
    {
      "path": "demos/standard_model/demo-33-first-principles-standard-model-sm28-closure/demo33_cert_bundle_2026-01-12T044716Z/output_sha256.json",
      "sha256": "66ceeb4e3c99307e4504028400809aa6c2047cb0fc1b3c5476c770992b819ce6",
      "size_bytes": 187
    },
    {
      "path": "demos/standard_model/demo-33-first-principles-standard-model-sm28-closure/demo33_cert_bundle_2026-01-12T044716Z/run_metadata.json",
      "sha256": "6d691f32839a11aae34ab472a634f2397819e08a1b867d15f3a9970aeb02aac2",
      "size_bytes": 342
    },
    {
      "path": "demos/standard_model/demo-33-first-principles-standard-model-sm28-closure/demo33_cert_bundle_2026-01-12T044716Z/stderr.txt",
      "sha256": "e3b0c44298fc1c149afbf4c8996fb92427ae41e4649b934ca495991b7852b855",
      "size_bytes": 0
    },
    {
      "path": "demos/standard_model/demo-33-first-principles-standard-model-sm28-closure/demo33_cert_bundle_2026-01-12T044716Z/stdout.txt",
      "sha256": "b85104f9a05f0f1a07e070aef07349829c5b2abc91b3fb157672c2d442130877",
      "size_bytes": 21778
    },
    {
      "path": "demos/standard_model/demo-37-math-sm-master-flagship/README.md",
      "sha256": "2795fcbf597eb6ec68664dc4fc0ab3f8eac2c2774db63b70917c1710817fc4f9",
      "size_bytes": 6259
    },
    {
      "path": "demos/standard_model/demo-37-math-sm-master-flagship/__init__.py",
      "sha256": "459cae00ed76c5ac9a11b2e437a8b063b44d99392f42021f685b2e91f0f70c62",
      "size_bytes": 16
    },
    {
      "path": "demos/standard_model/demo-37-math-sm-master-flagship/demo.py",
      "sha256": "2278243c792ac568e606e097da916f958d26486f4c96367cef7bba5914aac20b",
      "size_bytes": 33382
    },
    {
      "path": "demos/standard_model/demo-37-math-sm-master-flagship/demo37_master_results.json",
      "sha256": "44ba681797282db8112e29724e92bddbb9525bfa4160213dfae9d8ee1ec9f60d",
      "size_bytes": 4088
    },
    {
      "path": "demos/standard_model/demo-54-master-flagship-demo/BB36_big_bang.png",
      "sha256": "422513ca01ad77c8d180f3354ee8efd4c0a4466d8ff0cf330f70725f2c5245a2",
      "size_bytes": 44525
    },
    {
      "path": "demos/standard_model/demo-54-master-flagship-demo/README.md",
      "sha256": "3b887d28710e66f8de75cd60cb1da2fb02d0991d8e33fa9bef748abd19157499",
      "size_bytes": 5100
    },
    {
      "path": "demos/standard_model/demo-54-master-flagship-demo/__init__.py",
      "sha256": "459cae00ed76c5ac9a11b2e437a8b063b44d99392f42021f685b2e91f0f70c62",
      "size_bytes": 16
    },
    {
      "path": "demos/standard_model/demo-54-master-flagship-demo/demo.py",
      "sha256": "c43a2a3b36de4d68a45882247387ca0746ecb1ebc27a486d1dd359b95820ee65",
      "size_bytes": 45396
    },
    {
      "path": "demos/standard_model/demo-55-proton-charge-radius/README.md",
      "sha256": "b7af81b734b12afaf9aa5fcccc6da0b0158475ebf5daa07e8b6f4a9b047f7ed5",
      "size_bytes": 4766
    },
    {
      "path": "demos/standard_model/demo-55-proton-charge-radius/__init__.py",
      "sha256": "459cae00ed76c5ac9a11b2e437a8b063b44d99392f42021f685b2e91f0f70c62",
      "size_bytes": 16
    },
    {
      "path": "demos/standard_model/demo-55-proton-charge-radius/demo.py",
      "sha256": "d614263c9bf5aa4aba59c632765808ae521f5834390a1b6dc9cfb2ce712a3a49",
      "size_bytes": 15670
    },
    {
      "path": "demos/standard_model/demo-70-higgs-master-flagship/README.md",
      "sha256": "ad6001903dad97831e62ff61e60921a27104d50f93d6750e273c80fcebe72a34",
      "size_bytes": 6021
    },
    {
      "path": "demos/standard_model/demo-70-higgs-master-flagship/__init__.py",
      "sha256": "459cae00ed76c5ac9a11b2e437a8b063b44d99392f42021f685b2e91f0f70c62",
      "size_bytes": 16
    },
    {
      "path": "demos/standard_model/demo-70-higgs-master-flagship/demo.py",
      "sha256": "22d96168011f931ec65be9e4526037ea35ef55c2107effd54bd42b6d55b9492a",
      "size_bytes": 71815
    },
    {
      "path": "demos/substrate/__init__.py",
      "sha256": "459cae00ed76c5ac9a11b2e437a8b063b44d99392f42021f685b2e91f0f70c62",
      "size_bytes": 16
    },
    {
      "path": "demos/substrate/demo-40-universe-from-zero/README.md",
      "sha256": "a7e818ef6c00e2d3f51b6c3a9373cad07c1f256dc5d46919a7e582bd18116c01",
      "size_bytes": 6820
    },
    {
      "path": "demos/substrate/demo-40-universe-from-zero/__init__.py",
      "sha256": "459cae00ed76c5ac9a11b2e437a8b063b44d99392f42021f685b2e91f0f70c62",
      "size_bytes": 16
    },
    {
      "path": "demos/substrate/demo-40-universe-from-zero/demo.py",
      "sha256": "b12dd83a0b14307ec17de80f1286391c85bdae6904536a556a4e35d9445e7eb4",
      "size_bytes": 38504
    },
    {
      "path": "demos/substrate/demo-64-base-gauge-invariance-integer-selector/DEMO64_BUNDLE_20260111T235126Z/artifact_sha256.json",
      "sha256": "90e399925f68a36fdad63682467324c8b8f659e611a343825a6c65eed8556e2b",
      "size_bytes": 275
    },
    {
      "path": "demos/substrate/demo-64-base-gauge-invariance-integer-selector/DEMO64_BUNDLE_20260111T235126Z/code_sha256.json",
      "sha256": "0cc909ccb6d37d0ab373c3238cffa8a73318616e50a4b742ad2512f65c23155e",
      "size_bytes": 82
    },
    {
      "path": "demos/substrate/demo-64-base-gauge-invariance-integer-selector/DEMO64_BUNDLE_20260111T235126Z/deterministic_record.json",
      "sha256": "56dc4a57f5de2282d43fa22a49d286bfaa4d1449a5ba5d53c6332721405cb33c",
      "size_bytes": 2285
    },
    {
      "path": "demos/substrate/demo-64-base-gauge-invariance-integer-selector/DEMO64_BUNDLE_20260111T235126Z/run_metadata.json",
      "sha256": "0f4250f8fb0b49cf93b67775be29cbab51cf5ad9945ddc5df085d09e34d422a5",
      "size_bytes": 198
    },
    {
      "path": "demos/substrate/demo-64-base-gauge-invariance-integer-selector/DEMO64_BUNDLE_20260111T235126Z/spec.json",
      "sha256": "557722663d48e0cf8798216bf38f707090f3cd81184e2da45a2c5b1b205b3ee2",
      "size_bytes": 828
    },
    {
      "path": "demos/substrate/demo-64-base-gauge-invariance-integer-selector/DEMO64_BUNDLE_20260112T040337Z/artifact_sha256.json",
      "sha256": "40ced600b98f6da33b22a496355c3b39fa0e99a2bad86b47d70875b3033ce2b0",
      "size_bytes": 275
    },
    {
      "path": "demos/substrate/demo-64-base-gauge-invariance-integer-selector/DEMO64_BUNDLE_20260112T040337Z/code_sha256.json",
      "sha256": "0cc909ccb6d37d0ab373c3238cffa8a73318616e50a4b742ad2512f65c23155e",
      "size_bytes": 82
    },
    {
      "path": "demos/substrate/demo-64-base-gauge-invariance-integer-selector/DEMO64_BUNDLE_20260112T040337Z/deterministic_record.json",
      "sha256": "56dc4a57f5de2282d43fa22a49d286bfaa4d1449a5ba5d53c6332721405cb33c",
      "size_bytes": 2285
    },
    {
      "path": "demos/substrate/demo-64-base-gauge-invariance-integer-selector/DEMO64_BUNDLE_20260112T040337Z/run_metadata.json",
      "sha256": "1376369a363aceafe44df9e3ef3f45287e7b36b4cdbf68640127c0d5febff5af",
      "size_bytes": 198
    },
    {
      "path": "demos/substrate/demo-64-base-gauge-invariance-integer-selector/DEMO64_BUNDLE_20260112T040337Z/spec.json",
      "sha256": "557722663d48e0cf8798216bf38f707090f3cd81184e2da45a2c5b1b205b3ee2",
      "size_bytes": 828
    },
    {
      "path": "demos/substrate/demo-64-base-gauge-invariance-integer-selector/DEMO64_BUNDLE_20260112T042502Z/artifact_sha256.json",
      "sha256": "6732030503d1e685bcf445aa3e703bf134887e622485738412f5e0d69306acde",
      "size_bytes": 275
    },
    {
      "path": "demos/substrate/demo-64-base-gauge-invariance-integer-selector/DEMO64_BUNDLE_20260112T042502Z/code_sha256.json",
      "sha256": "0cc909ccb6d37d0ab373c3238cffa8a73318616e50a4b742ad2512f65c23155e",
      "size_bytes": 82
    },
    {
      "path": "demos/substrate/demo-64-base-gauge-invariance-integer-selector/DEMO64_BUNDLE_20260112T042502Z/deterministic_record.json",
      "sha256": "56dc4a57f5de2282d43fa22a49d286bfaa4d1449a5ba5d53c6332721405cb33c",
      "size_bytes": 2285
    },
    {
      "path": "demos/substrate/demo-64-base-gauge-invariance-integer-selector/DEMO64_BUNDLE_20260112T042502Z/run_metadata.json",
      "sha256": "29db19c6ff85a8129e6557e390fbaba526b622153f1b469f10f51c223957dda4",
      "size_bytes": 198
    },
    {
      "path": "demos/substrate/demo-64-base-gauge-invariance-integer-selector/DEMO64_BUNDLE_20260112T042502Z/spec.json",
      "sha256": "557722663d48e0cf8798216bf38f707090f3cd81184e2da45a2c5b1b205b3ee2",
      "size_bytes": 828
    },
    {
      "path": "demos/substrate/demo-64-base-gauge-invariance-integer-selector/DEMO64_BUNDLE_20260112T043106Z/artifact_sha256.json",
      "sha256": "9050594e92e7db1a02162452fa9817391cfa971fed3f09fe915e188cce8e7e11",
      "size_bytes": 275
    },
    {
      "path": "demos/substrate/demo-64-base-gauge-invariance-integer-selector/DEMO64_BUNDLE_20260112T043106Z/code_sha256.json",
      "sha256": "0cc909ccb6d37d0ab373c3238cffa8a73318616e50a4b742ad2512f65c23155e",
      "size_bytes": 82
    },
    {
      "path": "demos/substrate/demo-64-base-gauge-invariance-integer-selector/DEMO64_BUNDLE_20260112T043106Z/deterministic_record.json",
      "sha256": "56dc4a57f5de2282d43fa22a49d286bfaa4d1449a5ba5d53c6332721405cb33c",
      "size_bytes": 2285
    },
    {
      "path": "demos/substrate/demo-64-base-gauge-invariance-integer-selector/DEMO64_BUNDLE_20260112T043106Z/run_metadata.json",
      "sha256": "1c09d619b80638eba1c6ba5ce04822610d032c2f02172070a7998260d832d5c4",
      "size_bytes": 198
    },
    {
      "path": "demos/substrate/demo-64-base-gauge-invariance-integer-selector/DEMO64_BUNDLE_20260112T043106Z/spec.json",
      "sha256": "557722663d48e0cf8798216bf38f707090f3cd81184e2da45a2c5b1b205b3ee2",
      "size_bytes": 828
    },
    {
      "path": "demos/substrate/demo-64-base-gauge-invariance-integer-selector/DEMO64_BUNDLE_20260112T044720Z/artifact_sha256.json",
      "sha256": "4cdddbc58daec8b2e341f561d5da02397f5b0c0ef0dac06cc42e5ec00a29d43e",
      "size_bytes": 275
    },
    {
      "path": "demos/substrate/demo-64-base-gauge-invariance-integer-selector/DEMO64_BUNDLE_20260112T044720Z/code_sha256.json",
      "sha256": "0cc909ccb6d37d0ab373c3238cffa8a73318616e50a4b742ad2512f65c23155e",
      "size_bytes": 82
    },
    {
      "path": "demos/substrate/demo-64-base-gauge-invariance-integer-selector/DEMO64_BUNDLE_20260112T044720Z/deterministic_record.json",
      "sha256": "56dc4a57f5de2282d43fa22a49d286bfaa4d1449a5ba5d53c6332721405cb33c",
      "size_bytes": 2285
    },
    {
      "path": "demos/substrate/demo-64-base-gauge-invariance-integer-selector/DEMO64_BUNDLE_20260112T044720Z/run_metadata.json",
      "sha256": "2474c2b602235b984cd080a23b5b46a2d32f5ee1d6d87497056650625c0ad382",
      "size_bytes": 198
    },
    {
      "path": "demos/substrate/demo-64-base-gauge-invariance-integer-selector/DEMO64_BUNDLE_20260112T044720Z/spec.json",
      "sha256": "557722663d48e0cf8798216bf38f707090f3cd81184e2da45a2c5b1b205b3ee2",
      "size_bytes": 828
    },
    {
      "path": "demos/substrate/demo-64-base-gauge-invariance-integer-selector/README.md",
      "sha256": "d9cca1a715b02acfbcc2bf4ca11e7d13eceda46ab1f3344d679960cd61fa0c24",
      "size_bytes": 4542
    },
    {
      "path": "demos/substrate/demo-64-base-gauge-invariance-integer-selector/__init__.py",
      "sha256": "459cae00ed76c5ac9a11b2e437a8b063b44d99392f42021f685b2e91f0f70c62",
      "size_bytes": 16
    },
    {
      "path": "demos/substrate/demo-64-base-gauge-invariance-integer-selector/demo.py",
      "sha256": "6c0694a41546b177acc71cc8e29d6ca3395e2c8feacedc5affe2063a4251aca5",
      "size_bytes": 18093
    },
    {
      "path": "gum/README.md",
      "sha256": "880d7f04a385e85f4e0bf4885aa26a38c4517ff7568d7cf00091e1c1c6bb5c26",
      "size_bytes": 351
    },
    {
      "path": "gum/__init__.py",
      "sha256": "01ba4719c80b6fe911b091a7c05124b64eeece964e09c058ef8f9805daca546b",
      "size_bytes": 1
    },
    {
      "path": "gum/assets/BB36_big_bang.png",
      "sha256": "4ec8899fc031e5b00df22ec291ff4075c8aa25c0fda82a4d8f123aac3b65508b",
      "size_bytes": 40529
    },
    {
      "path": "gum/assets/DRPTCity137_v2.png",
      "sha256": "7c63d06ee9243e4f4098c8bf2e61d2be135d9d8f20134253428569a1e2a0d7dd",
      "size_bytes": 77190
    },
    {
      "path": "gum/assets/DRPTSurvivor137_v2.png",
      "sha256": "2de600faff688ce60999a6d1e2fb75f7f11c1a7c571e54f91497751127509a12",
      "size_bytes": 38262
    },
    {
      "path": "gum/assets/Echo10.png",
      "sha256": "b78f0cb93826b6d14e1e2396d9587593fb84f17a0f8f55baaa0e5454e7054c43",
      "size_bytes": 39849
    },
    {
      "path": "gum/assets/Echo6.png",
      "sha256": "52f8cb653363618c2ae125091543ffc2d85f46e5b1123ffc5229bc48b8bba033",
      "size_bytes": 29111
    },
    {
      "path": "gum/assets/FejerSmoothignLeft.png",
      "sha256": "b8f5c7dae13df4dba14d5442c10053670605bfe0669397486da66d27cffe64d7",
      "size_bytes": 174791
    },
    {
      "path": "gum/assets/FejerSmoothingRight.png",
      "sha256": "1e3eea4342dd712a2ca4c86b19cb2c260cd272a6fbacc9729f99f8d648741975",
      "size_bytes": 129736
    },
    {
      "path": "gum/assets/Identity10.png",
      "sha256": "7c983d6e78ffb308b2e50fc78fa9e596168a925502ceee6ac301e3dcf8d931c0",
      "size_bytes": 42809
    },
    {
      "path": "gum/assets/Identity9.png",
      "sha256": "4f6aa7a3d8b998fb49810fbfb2238e436ed3e9d0a155a8fde44638a6607a8e37",
      "size_bytes": 39256
    },
    {
      "path": "gum/assets/readme.txt",
      "sha256": "35a3fa76b68915af5b04e98450b84d5059b80236f2322d5af22896c784eb37d1",
      "size_bytes": 22
    },
    {
      "path": "gum/gum_camb_check.py",
      "sha256": "d4b4552589a8201c5801d7384d4ef58f231c01885247963e03312c239a8a2837",
      "size_bytes": 7586
    },
    {
      "path": "gum/gum_report_generator_v27.py",
      "sha256": "0a35cfce6f9f8ddac809cd49a6948860004b698bd52643b126c65b3d4e6f6c16",
      "size_bytes": 60028
    },
    {
      "path": "gum/gum_report_generator_v27_stable.py",
      "sha256": "509fb7098f83363a5050cf42b97415b772e6f7b2f8bbbbfe1af0e4c0000a6eab",
      "size_bytes": 61801
    },
    {
      "path": "gum/gum_report_generator_v28.py",
      "sha256": "908332eb19a0fcd9dd403a9788ff45e22196eb741b559d1636473600febacc48",
      "size_bytes": 70927
    },
    {
      "path": "gum/gum_report_generator_v29.py",
      "sha256": "267037df4e5aada88a0785fa41d3426d2aba1c76231ecfe085bdc7d77bc77557",
      "size_bytes": 47874
    },
    {
      "path": "gum/gum_report_generator_v30.py",
      "sha256": "7c63be935c1d8726fe81ef878100bacc918033df76985d5cfdb80b38a9dda9c8",
      "size_bytes": 52598
    },
    {
      "path": "gum/gum_report_generator_v31.py",
      "sha256": "b20efacabb7a8154f4bfffdf1b2d18eb60090c97ea19adec9458445ea1fa7c33",
      "size_bytes": 113711
    },
    {
      "path": "gum/gum_v1.py",
      "sha256": "7bae6e46579313d89dd8a70555fd1db33184e181ca5864a9b5bc3e3887405db6",
      "size_bytes": 14077
    },
    {
      "path": "gum/master_archives/MASTER_ARCHIVE_GUM_BUNDLE_v30_20260116T045901Z.zip",
      "sha256": "9116861ce5f722f5dddbfbeb9da68f01ff205149f2b3bc9772f0e6540379860c",
      "size_bytes": 3845612
    },
    {
      "path": "gum/master_archives/MASTER_ARCHIVE_GUM_BUNDLE_v30_20260116T045901Z.zip.sha256",
      "sha256": "1e296445f7a7b8dc177c4e1aa0abd955b91334933e46d16db494cbaa4e7a66cb",
      "size_bytes": 65
    },
    {
      "path": "gum/master_archives/MASTER_ARCHIVE_GUM_BUNDLE_v30_20260117T024256Z.zip",
      "sha256": "1ec380dcfe2c4a33b0c0f45b7112a80f81ddd4fcb49ba79666cfc6663c2d5070",
      "size_bytes": 3956960
    },
    {
      "path": "gum/master_archives/MASTER_ARCHIVE_GUM_BUNDLE_v30_20260117T024256Z.zip.sha256",
      "sha256": "a86c338f70d3aef0bfa90655af07a00ee0131d46902e824c03a053b7c9e71a37",
      "size_bytes": 65
    },
    {
      "path": "gum/readme.md",
      "sha256": "880d7f04a385e85f4e0bf4885aa26a38c4517ff7568d7cf00091e1c1c6bb5c26",
      "size_bytes": 351
    },
    {
      "path": "requirements.txt",
      "sha256": "c59875d87f96e226c4fecb31370bb42d2405416bfcd802c13fac3ffae8d88f5b",
      "size_bytes": 22
    },
    {
      "path": "tools/audit_gum_v28_dependencies.py",
      "sha256": "0d47533b170b13cb8de2647401192c5970f985a2f178d871249fe6159fb0c861",
      "size_bytes": 3940
    },
    {
      "path": "tools/collect_gum_upgrade_bundle.sh",
      "sha256": "0901f9411a281ae614219f6010d56f2876836bdb86c53b34ea5ed67d939aa67b",
      "size_bytes": 1835
    },
    {
      "path": "tools/demo_map.yaml",
      "sha256": "44366c91d3dac5ca77f4be71834d0673b7ee2755b2075c8398c75ffe4aae3e3f",
      "size_bytes": 2040
    },
    {
      "path": "tools/make_report_master.sh",
      "sha256": "7d81fb2f44ba29e0c67a96976fb11d4fbbb80f9d83b7209b7c50726d2104d803",
      "size_bytes": 2437
    },
    {
      "path": "tools/normalize_incoming_filenames.py",
      "sha256": "ca692d23dc62ff3506fd1c314d28acbfc14765c394c5c6374e3e27eb8d923dcd",
      "size_bytes": 2824
    },
    {
      "path": "tools/promote_incoming_by_map.py",
      "sha256": "7f87e02583b29a6e4e5179752e52e91317f910582b2e9646b6b51e98db2f33f9",
      "size_bytes": 5549
    },
    {
      "path": "tools/regen_v28_report_and_assets.sh",
      "sha256": "a86898446fbcbec9563914517a14bdd9fc75c9f2ea00b9ef5948019ab09dea9d",
      "size_bytes": 2564
    },
    {
      "path": "tools/regen_v28_report_and_assets_v2.sh",
      "sha256": "94cd582b5af7d9a31775be7f1896c2c0dc7db0b2987e24a2ff6b29e3de34fc53",
      "size_bytes": 2896
    },
    {
      "path": "tools/regen_v29_report.sh",
      "sha256": "a5fb65a1f500d03c28fdadce9383f561b6fb382de9615e8a46581d220e352750",
      "size_bytes": 1174
    },
    {
      "path": "tools/run_all_demos_smoketest.py",
      "sha256": "03dda1ee2af8b7f691e8d825591b02ce3159d147af46f64a5c566988f11e0761",
      "size_bytes": 9592
    },
    {
      "path": "tools/run_incoming_smoketest.py",
      "sha256": "c171cbddd25b4ac68b8519619a77a9617928d8c6b3416037bb8114ccf69a7710",
      "size_bytes": 4655
    },
    {
      "path": "zz_archive/_artifacts/BB36_big_bang.png",
      "sha256": "422513ca01ad77c8d180f3354ee8efd4c0a4466d8ff0cf330f70725f2c5245a2",
      "size_bytes": 44525
    },
    {
      "path": "zz_archive/_artifacts/bb36_master_plot.png",
      "sha256": "192daa31529c52034f124de1737b4aacda56de381e702eaa57da55609f69fdcc",
      "size_bytes": 70438
    },
    {
      "path": "zz_archive/_artifacts/bb36_master_results.json",
      "sha256": "1b7860e585265e7778aad20048fc2ea6ca8b825f303c239f3ae5e58a23dd18b9",
      "size_bytes": 5936
    },
    {
      "path": "zz_archive/_artifacts/demo37_master_results.json",
      "sha256": "44ba681797282db8112e29724e92bddbb9525bfa4160213dfae9d8ee1ec9f60d",
      "size_bytes": 4088
    },
    {
      "path": "zz_archive/_artifacts/demo66_master_results.json",
      "sha256": "de899bf569cf1ea2b94bf055cb67d601cde1143e6704cb41d79f67f35a688338",
      "size_bytes": 1828
    },
    {
      "path": "zz_archive/_artifacts/demo66_screening_plot.png",
      "sha256": "05c97460ff5c2b4e135e42c3c31f059c4dfe900253b199989f630ef7b5962dab",
      "size_bytes": 62032
    },
    {
      "path": "zz_archive/controllers/README.md",
      "sha256": "cfed26df329964f0b0bd1e77f3dc75b51c05ca52f8d5225d713cc50dc4ad33ca",
      "size_bytes": 1025
    },
    {
      "path": "zz_archive/controllers/__init__.py",
      "sha256": "01ba4719c80b6fe911b091a7c05124b64eeece964e09c058ef8f9805daca546b",
      "size_bytes": 1
    },
    {
      "path": "zz_archive/controllers/oatb_fejer_omega_heat_controller_4d_v1.py",
      "sha256": "5bde72055e9114fbc3b6b680b0a95ddfcfa724efa238b53ba540a2e6e1f89ca7",
      "size_bytes": 7837
    },
    {
      "path": "zz_archive/controllers/oatb_fejer_omega_ns_controller_4d_v1.py",
      "sha256": "fdc6864d15de897e9f2e395434b5a6e91fd87af94fa3df1d804cad324ce2babb",
      "size_bytes": 10695
    },
    {
      "path": "zz_archive/controllers/oatb_master_demo_v1.py",
      "sha256": "3f33cc873218cde460b6e97c8ec15bca856adf279242b7a7daa22612f2d2206c",
      "size_bytes": 15379
    },
    {
      "path": "zz_archive/controllers/oatb_one_action_field_synthesizer_v1.py",
      "sha256": "725d3aac4f3127cbdfe367c20e291466bdb7cf9830baaba200d9595b91597de1",
      "size_bytes": 14249
    },
    {
      "path": "zz_archive/controllers/oatb_one_kernel_unified_vomega3_v1.py",
      "sha256": "a85bff34d549788b0de2a789e18b9bc6d291420e63ef2f2448826781862d3fde",
      "size_bytes": 14248
    },
    {
      "path": "zz_archive/controllers/omega_universal_controller_nd3d_v1.py",
      "sha256": "34cb3de196fa37903d9bb580bc21537153bc0ed1be2bca4229fa667063ab46d9",
      "size_bytes": 10877
    },
    {
      "path": "zz_archive/cosmo/README.md",
      "sha256": "023888ee44aa0435492c3a782049b68eba475b70b474196886542890c49e6343",
      "size_bytes": 580
    },
    {
      "path": "zz_archive/cosmo/__init__.py",
      "sha256": "01ba4719c80b6fe911b091a7c05124b64eeece964e09c058ef8f9805daca546b",
      "size_bytes": 1
    },
    {
      "path": "zz_archive/cosmo/bb_grand_emergence_masterpiece_runner_v1.py",
      "sha256": "95b14c0159b893c1087593763fc578a615fcdd19f2b9fa11e90e5b27ae2fee87",
      "size_bytes": 24405
    },
    {
      "path": "zz_archive/cosmo/gum_camb_check.py",
      "sha256": "b700a3212177a460a684f572782958d7a62b83d980fb5feca8d6bc3a2d85fa8f",
      "size_bytes": 8130
    },
    {
      "path": "zz_archive/cosmo/universe_from_zero_capsule.py",
      "sha256": "04a7c8b80bed6983ec3cbc1190a368bf5c36276a60909b95d6c812f5c8b68605",
      "size_bytes": 65432
    },
    {
      "path": "zz_archive/demos/README.md",
      "sha256": "14c060e698e26a8694b31766b7087b792fd48f62ef93b7977469ade2c7287708",
      "size_bytes": 485
    },
    {
      "path": "zz_archive/demos/__init__.py",
      "sha256": "01ba4719c80b6fe911b091a7c05124b64eeece964e09c058ef8f9805daca546b",
      "size_bytes": 1
    },
    {
      "path": "zz_archive/demos/demo_cosmo_bb36.py",
      "sha256": "549fdbee2b4ddde8500bedff07b0e7db55466963998bf09fcc4c0c1bdd26a110",
      "size_bytes": 103
    },
    {
      "path": "zz_archive/demos/demo_cosmo_camb_check.py",
      "sha256": "dc1b6c0fe6cdbc839471e2c749800da261bf1f787f47eff850c5ff309b179ca7",
      "size_bytes": 77
    },
    {
      "path": "zz_archive/demos/demo_gum_master.py",
      "sha256": "0b6700618061066a4312cbd681aa8f80badd125d0c5f114a2429d018406cd31d",
      "size_bytes": 67
    },
    {
      "path": "zz_archive/demos/demo_sm_math_model.py",
      "sha256": "de84394b0eab07b3967855494b40633c62d0f73d573c6aef1adc5fed6504be27",
      "size_bytes": 81
    },
    {
      "path": "zz_archive/demos/demo_sm_phi_pack.py",
      "sha256": "1c2ace4e71e04a2f17d3b8a7be55beabbebcfe87e7ad9e5add1f698f361bc12c",
      "size_bytes": 74
    },
    {
      "path": "zz_archive/demos/demo_sm_standard_model.py",
      "sha256": "ebea8982155668f1a4e53a02a4cfb4e698bcd9ba00ac750db0492bf97c95f787",
      "size_bytes": 85
    },
    {
      "path": "zz_archive/doc/README.md",
      "sha256": "3707285c245d241ce0a85b993994590ee337a34eda84d0f83fee1a93f59fd1cd",
      "size_bytes": 884
    },
    {
      "path": "zz_archive/doc/__init__.py",
      "sha256": "01ba4719c80b6fe911b091a7c05124b64eeece964e09c058ef8f9805daca546b",
      "size_bytes": 1
    },
    {
      "path": "zz_archive/doc/doc_referee_closeout_audit_v1.py",
      "sha256": "25fb63574ef39b67f25ee6b426130fd4450bd06fc1221efee22df446b81f30ed",
      "size_bytes": 15283
    },
    {
      "path": "zz_archive/doc/doc_rosetta_base_gauge_v1.py",
      "sha256": "547b37562988a8637d294a757150ed2f347542de1b8e6d14c73c3b6eecbeedb5",
      "size_bytes": 3770
    },
    {
      "path": "zz_archive/gr/README.md",
      "sha256": "264f80d557bd769ed6c04bf3d49f43f5adfc1626c09a4779fba4f4a3cbc57b53",
      "size_bytes": 796
    },
    {
      "path": "zz_archive/gr/__init__.py",
      "sha256": "01ba4719c80b6fe911b091a7c05124b64eeece964e09c058ef8f9805daca546b",
      "size_bytes": 1
    },
    {
      "path": "zz_archive/gr/bridge_quantum_to_gr_v1.py",
      "sha256": "dd20e435f367c83e99890b88b11abc60bdf3534785cbd6f77e4aa225ac806c79",
      "size_bytes": 6614
    },
    {
      "path": "zz_archive/gr/gr_bh_collar_area_v1.py",
      "sha256": "20875d4dbf90551797f3feebce5cb720414ac8bb081717008e23c402ce9f0f78",
      "size_bytes": 2431
    },
    {
      "path": "zz_archive/gr/gr_gw_flux_tt_v1.py",
      "sha256": "a94aa265c1e29ea95043101e0bcb8d6cfed7fb0c8c14dd04facda73dfd9e6127",
      "size_bytes": 3738
    },
    {
      "path": "zz_archive/gr/gr_kuec_seam_certification_v1.py",
      "sha256": "d48c51427fd380bb03b26fa7a7999d0352875b1af631bf817668a3cdd60a5c2f",
      "size_bytes": 8024
    },
    {
      "path": "zz_archive/gr/gr_linearized_tt_t3_v1.py",
      "sha256": "c6108639c544e0e10ea1b9191e93181999a9ad8710908ac6ffa64d61d1daf30d",
      "size_bytes": 8121
    },
    {
      "path": "zz_archive/gr/gr_one_action_einstein_tt_v1.py",
      "sha256": "70b0554d8b091fa9a9c7fa542a85747b26fd87e43ca2ca09102789df720ba129",
      "size_bytes": 6618
    },
    {
      "path": "zz_archive/infinity/README.md",
      "sha256": "100189fd0e5d159f54f64040a7a03cd8afd891c6792ea8aaf5bfa41584cc5c85",
      "size_bytes": 1171
    },
    {
      "path": "zz_archive/infinity/__init__.py",
      "sha256": "01ba4719c80b6fe911b091a7c05124b64eeece964e09c058ef8f9805daca546b",
      "size_bytes": 1
    },
    {
      "path": "zz_archive/infinity/superset_theory_master_demo_v1.py",
      "sha256": "bf1f482424279b0d6a3bdc5d0275035a86c56ed597b81d5bb008d65e71e712e3",
      "size_bytes": 28132
    },
    {
      "path": "zz_archive/legacy_root/MANIFEST.md",
      "sha256": "19188dcd603a980e31c7b1b2abf07baa94d7d1528fe7f7e009995ddbf2a330d6",
      "size_bytes": 2234
    },
    {
      "path": "zz_archive/legacy_root/Readme.md",
      "sha256": "6ec62e1bda10ad6f7a282dfe12ae92eca5d4c2b21116c6055b6d6f02fbfc5d77",
      "size_bytes": 1852
    },
    {
      "path": "zz_archive/legacy_root/referee_close_README.md",
      "sha256": "c7e80c507bd5a10b3cddbc40603ac959b970b3c489da66c77da94a686398dd38",
      "size_bytes": 1469
    },
    {
      "path": "zz_archive/legacy_root/referee_close_manifest.json",
      "sha256": "5454cc6afa27560d0574177c8d670c23082b1dcfccbde15daa66ff74d74ee71f",
      "size_bytes": 2430
    },
    {
      "path": "zz_archive/omega/README.md",
      "sha256": "bf3f4f66eebcda6df47d8252de440e86ca7530043000fe130f2f0a49aad7324f",
      "size_bytes": 1152
    },
    {
      "path": "zz_archive/omega/__init__.py",
      "sha256": "01ba4719c80b6fe911b091a7c05124b64eeece964e09c058ef8f9805daca546b",
      "size_bytes": 1
    },
    {
      "path": "zz_archive/omega/omega_observer_commutant_fejer_v1.py",
      "sha256": "776debe81eace4d664b33b39fd87243db885044eb666d1f516e2e115a5b629f9",
      "size_bytes": 11300
    },
    {
      "path": "zz_archive/omega/omega_sm_architecture_v1.py",
      "sha256": "2f6f36bfa8bfb79784defec85d48cf0c9a276c710edfe7d4415e1c9cfb7001fa",
      "size_bytes": 22362
    },
    {
      "path": "zz_archive/publication_spine/Deterministic Operator Calculus.pdf",
      "sha256": "9632cbd5c1541ce36ba3e41f953a7b37f799c09fee66c42dcd2c1b7065ee0d12",
      "size_bytes": 494045
    },
    {
      "path": "zz_archive/publication_spine/REFEREE_TRACK/tools/build_claims_json.py",
      "sha256": "a4060ef642a4c226fba269212037445cfe380402c4a71a5e8f4c5a8bfc62c9bd",
      "size_bytes": 17056
    },
    {
      "path": "zz_archive/publication_spine/Readme.txt",
      "sha256": "81df472d41b34ba4725cebfc424ab9f1ea302edab74cba8bb250aabc41400a65",
      "size_bytes": 1722
    },
    {
      "path": "zz_archive/quantum/README.md",
      "sha256": "be5729ed58be5c0e2a1c49f6417c2cc7749177aa4158eaea43dbd2d28edc73f1",
      "size_bytes": 986
    },
    {
      "path": "zz_archive/quantum/__init__.py",
      "sha256": "01ba4719c80b6fe911b091a7c05124b64eeece964e09c058ef8f9805daca546b",
      "size_bytes": 1
    },
    {
      "path": "zz_archive/quantum/fc_zeno_grandi_gibbs_v1.py",
      "sha256": "8416450d1b477c0e8fac8ee8e6e93799ccc266da8c202e91dc1037054c12b2d0",
      "size_bytes": 7863
    },
    {
      "path": "zz_archive/quantum/qm_schrodinger_spectral_v1.py",
      "sha256": "4041efe461baf4fdb4574530ebf5b500b695bd12f9a3a6b3efb2a708f090ca31",
      "size_bytes": 6072
    },
    {
      "path": "zz_archive/quantum/qp_double_slit_fejer_omega_collapse_v1.py",
      "sha256": "b7d000458f711ed153642ab60805776fcbcf943611ecb75139c78689ee6c3c74",
      "size_bytes": 8873
    },
    {
      "path": "zz_archive/sm/README.md",
      "sha256": "3f14fae050e30760fa177656ad8f56c2c8d0e34f66dd8f8bffe97361ff8a3c71",
      "size_bytes": 390
    },
    {
      "path": "zz_archive/sm/__init__.py",
      "sha256": "01ba4719c80b6fe911b091a7c05124b64eeece964e09c058ef8f9805daca546b",
      "size_bytes": 1
    },
    {
      "path": "zz_archive/sm/sm_math_model_demo_v1.py",
      "sha256": "160073596565e013271d5c304bacd4e969e0f03369b1a7abf90e4c0c7ea9cb25",
      "size_bytes": 38709
    },
    {
      "path": "zz_archive/sm/sm_phi_pack_v1.py",
      "sha256": "73e2e9edbf76a80d89130041bcb4a42604f4c2c5549b193e6d4299135fc45beb",
      "size_bytes": 21936
    },
    {
      "path": "zz_archive/sm/sm_quantum_bridge_v1.py",
      "sha256": "a609415f4ef8ded0e66f2c7c9fd67f4beddb673911b8ea227ad460bf6ff66798",
      "size_bytes": 18201
    },
    {
      "path": "zz_archive/sm/sm_standard_model_demo_v1.py",
      "sha256": "5cc5cc8c02a12997aca2c8a5f70500d0babb302bcd93274efc19d2b51c0d4775",
      "size_bytes": 121149
    },
    {
      "path": "zz_archive/sm/sm_standard_model_demo_v1_historical.py",
      "sha256": "d076242b4aae2fd42f242565e7613fc71978f7228f9037b72255bad398032c1c",
      "size_bytes": 22459
    },
    {
      "path": "zz_archive/sm/sm_standard_model_demo_v1_pre_demo33v10.py",
      "sha256": "6fa2f2b8fdfa914b44cf24f4e420df379beb5e2c01da6114916b6822c98e8925",
      "size_bytes": 77535
    },
    {
      "path": "zz_archive/substrate/README.md",
      "sha256": "baea30e50f387796f0bc0ba7244e8b3a813d89b217302522b563b69e56c77dc0",
      "size_bytes": 327
    },
    {
      "path": "zz_archive/substrate/__init__.py",
      "sha256": "01ba4719c80b6fe911b091a7c05124b64eeece964e09c058ef8f9805daca546b",
      "size_bytes": 1
    },
    {
      "path": "zz_archive/substrate/alpha_mari_alpha_grand_demo_v1.py",
      "sha256": "16c66f96723ef7d506e0be199c96e8b9b15dea10ee6f663ab3f4e71cb113cad4",
      "size_bytes": 15134
    },
    {
      "path": "zz_archive/substrate/doc_rosetta_base_gauge_v1.py",
      "sha256": "547b37562988a8637d294a757150ed2f347542de1b8e6d14c73c3b6eecbeedb5",
      "size_bytes": 3770
    },
    {
      "path": "zz_archive/substrate/scfp_integer_selector_v1.py",
      "sha256": "eb1b56514a310ecc5cebe501bcda544bdca4b8f96710535711c4573d99f960e3",
      "size_bytes": 12021
    },
    {
      "path": "zz_archive/utilities/README.md",
      "sha256": "4d7cc2cb1c6bbab7509beb5b8c258b01c7dc9fbb579344bf0a27433dedbb6ac6",
      "size_bytes": 431
    },
    {
      "path": "zz_archive/utilities/__init__.py",
      "sha256": "01ba4719c80b6fe911b091a7c05124b64eeece964e09c058ef8f9805daca546b",
      "size_bytes": 1
    }
  ]
}