{
  "generated_by": "RUN",
  "runs": {
    "33": {
      "code_sha256": "33413bbb5d92dc70572d72e928f9adf6e165b493a74ed01da1bb19e1361460af",
      "demo_id": "33",
      "demo_path": "demos/standard_model/demo-33-first-principles-standard-model-sm28-closure",
      "domain": "standard_model",
      "folder": "demo-33-first-principles-standard-model-sm28-closure",
      "mode": "cert",
      "notes": "",
      "returncode": 0,
      "seconds": 0.580005,
      "status": "PASS",
      "stderr_path": "audits/bundles/GUM_BUNDLE_v30_20260117T024732Z/logs/standard_model__demo-33-first-principles-standard-model-sm28-closure.err.txt",
      "stderr_sha256": "e3b0c44298fc1c149afbf4c8996fb92427ae41e4649b934ca495991b7852b855",
      "stdout_path": "audits/bundles/GUM_BUNDLE_v30_20260117T024732Z/logs/standard_model__demo-33-first-principles-standard-model-sm28-closure.out.txt",
      "stdout_sha256": "e99729564a0915a259accc26d954a8893e430a92ebd9296f2122445d003a5428"
    },
    "36": {
      "code_sha256": "be1384b930644f1d3e142422a1603811e2363014c4824850de0b205d4519bc8f",
      "demo_id": "36",
      "demo_path": "demos/cosmo/demo-36-big-bang-master-flagship",
      "domain": "cosmo",
      "folder": "demo-36-big-bang-master-flagship",
      "mode": "run",
      "notes": "",
      "returncode": 0,
      "seconds": 16.903061,
      "status": "PASS",
      "stderr_path": "audits/bundles/GUM_BUNDLE_v30_20260117T024732Z/logs/cosmo__demo-36-big-bang-master-flagship.err.txt",
      "stderr_sha256": "8a127c70176f7aaf960b1d05e9a2d7faa5ada4d4a75b14b935cc1d256a2e6fd4",
      "stdout_path": "audits/bundles/GUM_BUNDLE_v30_20260117T024732Z/logs/cosmo__demo-36-big-bang-master-flagship.out.txt",
      "stdout_sha256": "1a2e2bc0e98ad23deca8f342cea3cede266ac25068eddbb145331cb5550c2531"
    },
    "37": {
      "code_sha256": "2278243c792ac568e606e097da916f958d26486f4c96367cef7bba5914aac20b",
      "demo_id": "37",
      "demo_path": "demos/standard_model/demo-37-math-sm-master-flagship",
      "domain": "standard_model",
      "folder": "demo-37-math-sm-master-flagship",
      "mode": "run",
      "notes": "",
      "returncode": 0,
      "seconds": 0.231528,
      "status": "PASS",
      "stderr_path": "audits/bundles/GUM_BUNDLE_v30_20260117T024732Z/logs/standard_model__demo-37-math-sm-master-flagship.err.txt",
      "stderr_sha256": "fa7469ec28d85a25f1673d080d3e681cf07623cdbb3f031dcdbe5bf731de5745",
      "stdout_path": "audits/bundles/GUM_BUNDLE_v30_20260117T024732Z/logs/standard_model__demo-37-math-sm-master-flagship.out.txt",
      "stdout_sha256": "ce537efc5f84188a1228a5b7491f737054db3558aef4d961c7070d78defd3435"
    },
    "39": {
      "code_sha256": "e72e7790657950b2f91ec38c3a9014394a10ed5ad0d48ede23e29a124edf1b64",
      "demo_id": "39",
      "demo_path": "demos/cosmo/demo-39-bb-a2",
      "domain": "cosmo",
      "folder": "demo-39-bb-a2",
      "mode": "run",
      "notes": "",
      "returncode": 0,
      "seconds": 0.319159,
      "status": "PASS",
      "stderr_path": "audits/bundles/GUM_BUNDLE_v30_20260117T024732Z/logs/cosmo__demo-39-bb-a2.err.txt",
      "stderr_sha256": "1d387fcbd16df8bad75dbbdf152f1d6614037fa87fbdf67cfde1f2149321c33a",
      "stdout_path": "audits/bundles/GUM_BUNDLE_v30_20260117T024732Z/logs/cosmo__demo-39-bb-a2.out.txt",
      "stdout_sha256": "2837079cd1ce19ead98b743bbd8b35d09a195c520ce0ff2c13d0f83b34e43961"
    },
    "40": {
      "code_sha256": "b12dd83a0b14307ec17de80f1286391c85bdae6904536a556a4e35d9445e7eb4",
      "demo_id": "40",
      "demo_path": "demos/substrate/demo-40-universe-from-zero",
      "domain": "substrate",
      "folder": "demo-40-universe-from-zero",
      "mode": "run",
      "notes": "",
      "returncode": 0,
      "seconds": 0.19107,
      "status": "PASS",
      "stderr_path": "audits/bundles/GUM_BUNDLE_v30_20260117T024732Z/logs/substrate__demo-40-universe-from-zero.err.txt",
      "stderr_sha256": "e3b0c44298fc1c149afbf4c8996fb92427ae41e4649b934ca495991b7852b855",
      "stdout_path": "audits/bundles/GUM_BUNDLE_v30_20260117T024732Z/logs/substrate__demo-40-universe-from-zero.out.txt",
      "stdout_sha256": "5dc33337b8fdf12f0dbf4b9d907842ca6572ee60208a44e73d3f814f63e2501f"
    },
    "51": {
      "code_sha256": "f0912b3074c3de95e9b8e78cbc92dd5a1c576a65b31587889009bdbfd838e870",
      "demo_id": "51",
      "demo_path": "demos/general_relativity/demo-51-qft-gr-vacuum-suppression",
      "domain": "general_relativity",
      "folder": "demo-51-qft-gr-vacuum-suppression",
      "mode": "run",
      "notes": "",
      "returncode": 0,
      "seconds": 0.058508,
      "status": "PASS",
      "stderr_path": "audits/bundles/GUM_BUNDLE_v30_20260117T024732Z/logs/general_relativity__demo-51-qft-gr-vacuum-suppression.err.txt",
      "stderr_sha256": "35c80af9739e17ee611fa001036951b10126d268e2e8c09073659a1536a2a96b",
      "stdout_path": "audits/bundles/GUM_BUNDLE_v30_20260117T024732Z/logs/general_relativity__demo-51-qft-gr-vacuum-suppression.out.txt",
      "stdout_sha256": "c98e6924fc24b095c9b964ae85141e9502dc99433f2f7678c7bb6aee82311def"
    },
    "53": {
      "code_sha256": "3bb3ee1797bb7e46bbd488f7c27a631b6677a28d6b026623bd9fcb76bd04b45d",
      "demo_id": "53",
      "demo_path": "demos/foundations/demo-53-lawbook-emergence",
      "domain": "foundations",
      "folder": "demo-53-lawbook-emergence",
      "mode": "run",
      "notes": "",
      "returncode": 0,
      "seconds": 0.58955,
      "status": "PASS",
      "stderr_path": "audits/bundles/GUM_BUNDLE_v30_20260117T024732Z/logs/foundations__demo-53-lawbook-emergence.err.txt",
      "stderr_sha256": "e3b0c44298fc1c149afbf4c8996fb92427ae41e4649b934ca495991b7852b855",
      "stdout_path": "audits/bundles/GUM_BUNDLE_v30_20260117T024732Z/logs/foundations__demo-53-lawbook-emergence.out.txt",
      "stdout_sha256": "6734da516df09d588bd58935c093ecba9d8b22fde4d3bd5b752a2410749171e6"
    },
    "54": {
      "code_sha256": "c43a2a3b36de4d68a45882247387ca0746ecb1ebc27a486d1dd359b95820ee65",
      "demo_id": "54",
      "demo_path": "demos/standard_model/demo-54-master-flagship-demo",
      "domain": "standard_model",
      "folder": "demo-54-master-flagship-demo",
      "mode": "run",
      "notes": "",
      "returncode": 0,
      "seconds": 2.416718,
      "status": "PASS",
      "stderr_path": "audits/bundles/GUM_BUNDLE_v30_20260117T024732Z/logs/standard_model__demo-54-master-flagship-demo.err.txt",
      "stderr_sha256": "895fd24a412edb6859f1ef50adcb189acc1efbc15057b2383c6dddae5d8ae2ac",
      "stdout_path": "audits/bundles/GUM_BUNDLE_v30_20260117T024732Z/logs/standard_model__demo-54-master-flagship-demo.out.txt",
      "stdout_sha256": "39b5061165db456f1321f0e5cc12b45cf6a6d01f809fc7c3e932612bab7913d9"
    },
    "55": {
      "code_sha256": "d614263c9bf5aa4aba59c632765808ae521f5834390a1b6dc9cfb2ce712a3a49",
      "demo_id": "55",
      "demo_path": "demos/standard_model/demo-55-proton-charge-radius",
      "domain": "standard_model",
      "folder": "demo-55-proton-charge-radius",
      "mode": "run",
      "notes": "",
      "returncode": 0,
      "seconds": 0.05445,
      "status": "PASS",
      "stderr_path": "audits/bundles/GUM_BUNDLE_v30_20260117T024732Z/logs/standard_model__demo-55-proton-charge-radius.err.txt",
      "stderr_sha256": "e3b0c44298fc1c149afbf4c8996fb92427ae41e4649b934ca495991b7852b855",
      "stdout_path": "audits/bundles/GUM_BUNDLE_v30_20260117T024732Z/logs/standard_model__demo-55-proton-charge-radius.out.txt",
      "stdout_sha256": "f7f55bfc694ba3944e71b0d161f886a8dbdaafe9fab8428276cbd0a58069d193"
    },
    "56": {
      "code_sha256": "833acd006473c7d3b15edab630458e0d6098299041ac0850bf0dd2e8805e90a6",
      "demo_id": "56",
      "demo_path": "demos/controllers/demo-56-deterministic-operator-calculus-vs-fd",
      "domain": "controllers",
      "folder": "demo-56-deterministic-operator-calculus-vs-fd",
      "mode": "run",
      "notes": "",
      "returncode": 0,
      "seconds": 20.125342,
      "status": "PASS",
      "stderr_path": "audits/bundles/GUM_BUNDLE_v30_20260117T024732Z/logs/controllers__demo-56-deterministic-operator-calculus-vs-fd.err.txt",
      "stderr_sha256": "f5e77d1c0760411daab72a905be3a6857e6de36e2c294f89baae057b14b68404",
      "stdout_path": "audits/bundles/GUM_BUNDLE_v30_20260117T024732Z/logs/controllers__demo-56-deterministic-operator-calculus-vs-fd.out.txt",
      "stdout_sha256": "f3576da0a31a709e8aac54fd06ea7de03231451dcb35750827a605caa4f5cc55"
    },
    "58": {
      "code_sha256": "4a573b4927fb8682d04293870edd17e90aa84c972f12da542e448a4eebc9b7be",
      "demo_id": "58",
      "demo_path": "demos/general_relativity/demo-58-emergent-weak-field-gr",
      "domain": "general_relativity",
      "folder": "demo-58-emergent-weak-field-gr",
      "mode": "run",
      "notes": "",
      "returncode": 0,
      "seconds": 0.930942,
      "status": "PASS",
      "stderr_path": "audits/bundles/GUM_BUNDLE_v30_20260117T024732Z/logs/general_relativity__demo-58-emergent-weak-field-gr.err.txt",
      "stderr_sha256": "f88b058fa935fe5c42dfe6b7c419ef5aff0af563f54f74a6a449e918601de914",
      "stdout_path": "audits/bundles/GUM_BUNDLE_v30_20260117T024732Z/logs/general_relativity__demo-58-emergent-weak-field-gr.out.txt",
      "stdout_sha256": "c7e82e492f181670c8fdffa1f4e388c84af172440bdbc17f20d4c81bbc2e1e60"
    },
    "59": {
      "code_sha256": "e2c60511de1f189674d6de23fa3a2e49fe5515c9a6b14738e715d1adf3cf1b1f",
      "demo_id": "59",
      "demo_path": "demos/controllers/demo-59-electromagnetism",
      "domain": "controllers",
      "folder": "demo-59-electromagnetism",
      "mode": "run",
      "notes": "",
      "returncode": 0,
      "seconds": 0.694955,
      "status": "PASS",
      "stderr_path": "audits/bundles/GUM_BUNDLE_v30_20260117T024732Z/logs/controllers__demo-59-electromagnetism.err.txt",
      "stderr_sha256": "d08bda10cb25f4a936eeab5960d1419880898b4d7558a46719818b03c013a318",
      "stdout_path": "audits/bundles/GUM_BUNDLE_v30_20260117T024732Z/logs/controllers__demo-59-electromagnetism.out.txt",
      "stdout_sha256": "3d9d402fe49b52a803ecbc919ff372df430c037186ed880f9b41fd675a498b90"
    },
    "60": {
      "code_sha256": "fba4ac6667a7e649d774e3aee773be53362fd17c92af83a116c2122536b660f2",
      "demo_id": "60",
      "demo_path": "demos/quantum/demo-60-quantum-master-flagship",
      "domain": "quantum",
      "folder": "demo-60-quantum-master-flagship",
      "mode": "run",
      "notes": "",
      "returncode": 0,
      "seconds": 0.270089,
      "status": "PASS",
      "stderr_path": "audits/bundles/GUM_BUNDLE_v30_20260117T024732Z/logs/quantum__demo-60-quantum-master-flagship.err.txt",
      "stderr_sha256": "e3b0c44298fc1c149afbf4c8996fb92427ae41e4649b934ca495991b7852b855",
      "stdout_path": "audits/bundles/GUM_BUNDLE_v30_20260117T024732Z/logs/quantum__demo-60-quantum-master-flagship.out.txt",
      "stdout_sha256": "f95f895a97048e40655630589bfd43a73e874a1583d3345665ebd2d1a19f0b47"
    },
    "63": {
      "code_sha256": "ac29eabd147832e91543a2f1b2975d222ea526e2536e9c34a63e3fb193b4c37d",
      "demo_id": "63",
      "demo_path": "demos/general_relativity/demo-63-gravitational-wave-inspiral-phasing",
      "domain": "general_relativity",
      "folder": "demo-63-gravitational-wave-inspiral-phasing",
      "mode": "run",
      "notes": "",
      "returncode": 0,
      "seconds": 0.164486,
      "status": "PASS",
      "stderr_path": "audits/bundles/GUM_BUNDLE_v30_20260117T024732Z/logs/general_relativity__demo-63-gravitational-wave-inspiral-phasing.err.txt",
      "stderr_sha256": "d28d2cdfc44fd8aa9c1f8033ea98b5007dd8eb6976a2763e0873089fb2acf675",
      "stdout_path": "audits/bundles/GUM_BUNDLE_v30_20260117T024732Z/logs/general_relativity__demo-63-gravitational-wave-inspiral-phasing.out.txt",
      "stdout_sha256": "a224a654d6127800f293f7ae69a47f3fce22300b363d46af9363967254c5981c"
    },
    "64": {
      "code_sha256": "6c0694a41546b177acc71cc8e29d6ca3395e2c8feacedc5affe2063a4251aca5",
      "demo_id": "64",
      "demo_path": "demos/substrate/demo-64-base-gauge-invariance-integer-selector",
      "domain": "substrate",
      "folder": "demo-64-base-gauge-invariance-integer-selector",
      "mode": "run",
      "notes": "",
      "returncode": 0,
      "seconds": 0.074289,
      "status": "PASS",
      "stderr_path": "audits/bundles/GUM_BUNDLE_v30_20260117T024732Z/logs/substrate__demo-64-base-gauge-invariance-integer-selector.err.txt",
      "stderr_sha256": "32d37004e3a4e4a22878824c52cf7dc3139912100a73c1a7cbea4a11209afa9d",
      "stdout_path": "audits/bundles/GUM_BUNDLE_v30_20260117T024732Z/logs/substrate__demo-64-base-gauge-invariance-integer-selector.out.txt",
      "stdout_sha256": "346e6c2eaa35c242e9793baa745ea2c3023892a272fcf506c528b539d594be44"
    },
    "65": {
      "code_sha256": "fbc59e24b80b3f94061e68fa213b7cc6b7b37090d1cb6b14ea0d05f2b4161d3a",
      "demo_id": "65",
      "demo_path": "demos/infinity/demo-65-continuous-lift-paradox",
      "domain": "infinity",
      "folder": "demo-65-continuous-lift-paradox",
      "mode": "run",
      "notes": "",
      "returncode": 0,
      "seconds": 2.945158,
      "status": "PASS",
      "stderr_path": "audits/bundles/GUM_BUNDLE_v30_20260117T024732Z/logs/infinity__demo-65-continuous-lift-paradox.err.txt",
      "stderr_sha256": "a3eba0d313dafa5c500d29d333d096a3bd7baccce8c90289a9bda316c9fd2cc8",
      "stdout_path": "audits/bundles/GUM_BUNDLE_v30_20260117T024732Z/logs/infinity__demo-65-continuous-lift-paradox.out.txt",
      "stdout_sha256": "a4674514c970043c0b11683c460012969bfbe9e5bd44a41880960dd9636850c9"
    },
    "67": {
      "code_sha256": "4e00a354e960da013f75906cb6ca0071accf045710fb6808a159967fa31d9028",
      "demo_id": "67",
      "demo_path": "demos/infinity/demo-67-navier-stokes-master-flagship",
      "domain": "infinity",
      "folder": "demo-67-navier-stokes-master-flagship",
      "mode": "run",
      "notes": "",
      "returncode": 0,
      "seconds": 64.435881,
      "status": "PASS",
      "stderr_path": "audits/bundles/GUM_BUNDLE_v30_20260117T024732Z/logs/infinity__demo-67-navier-stokes-master-flagship.err.txt",
      "stderr_sha256": "32e8f71a46c7d7eb2aa634cda46d75956e45cbdbed5b3446ba6b0833acc323c7",
      "stdout_path": "audits/bundles/GUM_BUNDLE_v30_20260117T024732Z/logs/infinity__demo-67-navier-stokes-master-flagship.out.txt",
      "stdout_sha256": "4a61faa78489389b24773ed94b83aeeae2d90c08ae431a50d7f3a5b19793d1ce"
    },
    "68": {
      "code_sha256": "98e3c3a6c8865c0434d55a38347cb804432d52e62efeb5177ce4b26f1c35a424",
      "demo_id": "68",
      "demo_path": "demos/general_relativity/demo-68-general-relativity-master-flagship",
      "domain": "general_relativity",
      "folder": "demo-68-general-relativity-master-flagship",
      "mode": "run",
      "notes": "",
      "returncode": 0,
      "seconds": 1.718012,
      "status": "PASS",
      "stderr_path": "audits/bundles/GUM_BUNDLE_v30_20260117T024732Z/logs/general_relativity__demo-68-general-relativity-master-flagship.err.txt",
      "stderr_sha256": "e3b0c44298fc1c149afbf4c8996fb92427ae41e4649b934ca495991b7852b855",
      "stdout_path": "audits/bundles/GUM_BUNDLE_v30_20260117T024732Z/logs/general_relativity__demo-68-general-relativity-master-flagship.out.txt",
      "stdout_sha256": "f79831b94cab6d62bbd66bc0851e01eec872cf218fc2eb984d1f10f03734549f"
    },
    "69": {
      "code_sha256": "f88eb6ef2f6c2ce1a11c4cd6664880b49a22c85486e91c5e4a1dec081383da1e",
      "demo_id": "69",
      "demo_path": "demos/controllers/demo-69-oatb-operator-admissibility-transfer-bridge",
      "domain": "controllers",
      "folder": "demo-69-oatb-operator-admissibility-transfer-bridge",
      "mode": "run",
      "notes": "",
      "returncode": 0,
      "seconds": 5.67735,
      "status": "PASS",
      "stderr_path": "audits/bundles/GUM_BUNDLE_v30_20260117T024732Z/logs/controllers__demo-69-oatb-operator-admissibility-transfer-bridge.err.txt",
      "stderr_sha256": "d6bcb715ef78f3fbb4345e486fa1ab8f3b37a4d18a611d13f806ac86aa6bc5b1",
      "stdout_path": "audits/bundles/GUM_BUNDLE_v30_20260117T024732Z/logs/controllers__demo-69-oatb-operator-admissibility-transfer-bridge.out.txt",
      "stdout_sha256": "953576f2128cc3d3f8ff6aa444ca58067b0d707e2917d4b503fbb5d26db76a63"
    },
    "70": {
      "code_sha256": "22d96168011f931ec65be9e4526037ea35ef55c2107effd54bd42b6d55b9492a",
      "demo_id": "70",
      "demo_path": "demos/standard_model/demo-70-higgs-master-flagship",
      "domain": "standard_model",
      "folder": "demo-70-higgs-master-flagship",
      "mode": "run",
      "notes": "",
      "returncode": 0,
      "seconds": 0.742849,
      "status": "PASS",
      "stderr_path": "audits/bundles/GUM_BUNDLE_v30_20260117T024732Z/logs/standard_model__demo-70-higgs-master-flagship.err.txt",
      "stderr_sha256": "c89620149a3f26388d03aa3885210e8e56cfab2074abb32e29de8d94eb4477e3",
      "stdout_path": "audits/bundles/GUM_BUNDLE_v30_20260117T024732Z/logs/standard_model__demo-70-higgs-master-flagship.out.txt",
      "stdout_sha256": "68912445441c0435ca60c4ce64ea14c62589e7b0b9c6b47d26ab07386277bd64"
    },
    "71": {
      "code_sha256": "78bf2731adce3bdd46f7ac93c12c14f72890f7d41adbb4151b2dac9e234929d5",
      "demo_id": "71",
      "demo_path": "demos/foundations/demo-71-one-action-master-flagship",
      "domain": "foundations",
      "folder": "demo-71-one-action-master-flagship",
      "mode": "run",
      "notes": "",
      "returncode": 0,
      "seconds": 0.243702,
      "status": "PASS",
      "stderr_path": "audits/bundles/GUM_BUNDLE_v30_20260117T024732Z/logs/foundations__demo-71-one-action-master-flagship.err.txt",
      "stderr_sha256": "b53ac8327fcac23156a6eda205dc95a4866f4244317f14b28a92b0495363c309",
      "stdout_path": "audits/bundles/GUM_BUNDLE_v30_20260117T024732Z/logs/foundations__demo-71-one-action-master-flagship.out.txt",
      "stdout_sha256": "cadb7103aeab81a1a5ea3ef75a5f11f3dccd2746796da70b53d6027ee18e4a0a"
    },
    "demo-66a-quantum-gravity-master-flagship-v1": {
      "code_sha256": "0e0bb684ac6b62776a6302fab78e2f73c71892217a2a2411e5f4aa1edb6fce91",
      "demo_id": "demo-66a-quantum-gravity-master-flagship-v1",
      "demo_path": "demos/quantum_gravity/demo-66a-quantum-gravity-master-flagship-v1",
      "domain": "quantum_gravity",
      "folder": "demo-66a-quantum-gravity-master-flagship-v1",
      "mode": "run",
      "notes": "",
      "returncode": 0,
      "seconds": 0.068864,
      "status": "PASS",
      "stderr_path": "audits/bundles/GUM_BUNDLE_v30_20260117T024732Z/logs/quantum_gravity__demo-66a-quantum-gravity-master-flagship-v1.err.txt",
      "stderr_sha256": "7c3a1fabc0f923ab3bba8605617a9c5fa95fba2332ad51b67284f7b657c34fbf",
      "stdout_path": "audits/bundles/GUM_BUNDLE_v30_20260117T024732Z/logs/quantum_gravity__demo-66a-quantum-gravity-master-flagship-v1.out.txt",
      "stdout_sha256": "b5d248468289882bf12dd1bd6fefbcf2a7fc56289dbb8f63a3af381e276577f8"
    },
    "demo-66b-quantum-gravity-master-flagship-v2": {
      "code_sha256": "9d23f8b4d560596117f00f85f6aeb070a368485616a87f3973ed2958f2a632fc",
      "demo_id": "demo-66b-quantum-gravity-master-flagship-v2",
      "demo_path": "demos/quantum_gravity/demo-66b-quantum-gravity-master-flagship-v2",
      "domain": "quantum_gravity",
      "folder": "demo-66b-quantum-gravity-master-flagship-v2",
      "mode": "run",
      "notes": "",
      "returncode": 0,
      "seconds": 0.783972,
      "status": "PASS",
      "stderr_path": "audits/bundles/GUM_BUNDLE_v30_20260117T024732Z/logs/quantum_gravity__demo-66b-quantum-gravity-master-flagship-v2.err.txt",
      "stderr_sha256": "e3b0c44298fc1c149afbf4c8996fb92427ae41e4649b934ca495991b7852b855",
      "stdout_path": "audits/bundles/GUM_BUNDLE_v30_20260117T024732Z/logs/quantum_gravity__demo-66b-quantum-gravity-master-flagship-v2.out.txt",
      "stdout_sha256": "d62c35c889b46c6ef58c388b7c4608d57846af62c77f77878b2c92560cfbfae4"
    }
  },
  "source_ledger": null,
  "source_ledger_sha256": null
}