{
  "demo_id": "76",
  "label": "DEMO-76",
  "demo_path": "demos/standard_model/demo-76-primorial-yukawa-master-flagship",
  "code_sha256": "8cb834c2124473a177c7a5fd8a20a59035318876f903f8ab7b44eb62a231056f",
  "stdout_sha256": "852cd2ef65059576d94173a1729c72bbfdcd80491be74baff29feeef3261f7fb",
  "stderr_sha256": "7328c4ea2c0ba6f5367bfacbaf8b6fbf62d4b7289ba7736faf2bd88e9b9de183",
  "files": [
    {
      "path": "standard_model__demo-76-primorial-yukawa-master-flagship.err.txt",
      "sha256": "7328c4ea2c0ba6f5367bfacbaf8b6fbf62d4b7289ba7736faf2bd88e9b9de183",
      "bytes": 803
    },
    {
      "path": "standard_model__demo-76-primorial-yukawa-master-flagship.out.txt",
      "sha256": "852cd2ef65059576d94173a1729c72bbfdcd80491be74baff29feeef3261f7fb",
      "bytes": 10607
    },
    {
      "path": "demo.py",
      "sha256": "8cb834c2124473a177c7a5fd8a20a59035318876f903f8ab7b44eb62a231056f",
      "bytes": 32151
    },
    {
      "path": "sm__demo-76-primorial-yukawa-master-flagship.err.txt",
      "sha256": "2a457bc6e8417388f848dafe56fb5197938a00c5dd8d5d94b284d16df88a0605",
      "bytes": 767
    },
    {
      "path": "sm__demo-76-primorial-yukawa-master-flagship.out.txt",
      "sha256": "645d1a21bb5ce5a6e4e3a58cfb00b7bf9f0e0cf1c7466f9038b548c1ba784a33",
      "bytes": 10607
    }
  ]
}
