{
  "run_id": "20260124T200425Z_be5cecc",
  "generated_utc": "2026-01-24 20:04:25Z",
  "repo": {
    "root": "/workspaces/Marithmetics",
    "branch": "main",
    "head": "be5cecc316bc480463bbab670a8526ef2fba5599",
    "dirty": true
  },
  "bundle": {
    "dir": "/workspaces/Marithmetics/GUM/authority_archive/AOR_20260124T200425Z_be5cecc/GUM_BUNDLE_v30_20260124T200425Z",
    "sha256": "26ff20dae44fb7e71ac1e702932f9bdc564234ebd029ae61ad07c7ac5714cca3"
  },
  "report": {
    "pdf": "/workspaces/Marithmetics/GUM/authority_archive/AOR_20260124T200425Z_be5cecc/report/GUM_Report_v32_2026-01-24_20-07-57Z.pdf",
    "manifest": "/workspaces/Marithmetics/GUM/authority_archive/AOR_20260124T200425Z_be5cecc/report/GUM_Report_v32_2026-01-24_20-07-57Z.pdf.manifest.json"
  },
  "counts": {
    "demos": 27,
    "claims": 27,
    "failures": []
  },
  "paths": {
    "summary_md": "/workspaces/Marithmetics/GUM/authority_archive/AOR_20260124T200425Z_be5cecc/SUMMARY.md",
    "claim_ledger": "/workspaces/Marithmetics/GUM/authority_archive/AOR_20260124T200425Z_be5cecc/claim_ledger.jsonl",
    "transcript": "/workspaces/Marithmetics/GUM/authority_archive/AOR_20260124T200425Z_be5cecc/runner_transcript.txt"
  }
}