{
  "generated_by": "RUN",
  "runs": {
    "33": {
      "code_sha256": "33413bbb5d92dc70572d72e928f9adf6e165b493a74ed01da1bb19e1361460af",
      "demo_id": "33",
      "demo_path": "demos/standard_model/demo-33-first-principles-standard-model-sm28-closure",
      "domain": "standard_model",
      "folder": "demo-33-first-principles-standard-model-sm28-closure",
      "mode": "cert",
      "notes": "",
      "returncode": 0,
      "seconds": 0.98365,
      "status": "PASS",
      "stderr_path": "audits/bundles/GUM_BUNDLE_v30_20260117T024256Z/logs/standard_model__demo-33-first-principles-standard-model-sm28-closure.err.txt",
      "stderr_sha256": "e3b0c44298fc1c149afbf4c8996fb92427ae41e4649b934ca495991b7852b855",
      "stdout_path": "audits/bundles/GUM_BUNDLE_v30_20260117T024256Z/logs/standard_model__demo-33-first-principles-standard-model-sm28-closure.out.txt",
      "stdout_sha256": "e99729564a0915a259accc26d954a8893e430a92ebd9296f2122445d003a5428"
    },
    "36": {
      "code_sha256": "be1384b930644f1d3e142422a1603811e2363014c4824850de0b205d4519bc8f",
      "demo_id": "36",
      "demo_path": "demos/cosmo/demo-36-big-bang-master-flagship",
      "domain": "cosmo",
      "folder": "demo-36-big-bang-master-flagship",
      "mode": "run",
      "notes": "",
      "returncode": 0,
      "seconds": 25.39984,
      "status": "PASS",
      "stderr_path": "audits/bundles/GUM_BUNDLE_v30_20260117T024256Z/logs/cosmo__demo-36-big-bang-master-flagship.err.txt",
      "stderr_sha256": "8a127c70176f7aaf960b1d05e9a2d7faa5ada4d4a75b14b935cc1d256a2e6fd4",
      "stdout_path": "audits/bundles/GUM_BUNDLE_v30_20260117T024256Z/logs/cosmo__demo-36-big-bang-master-flagship.out.txt",
      "stdout_sha256": "ac81e1cbdd1d760e72090888d0b6ee5274177f244627a82558460f12a4a1c45c"
    },
    "37": {
      "code_sha256": "2278243c792ac568e606e097da916f958d26486f4c96367cef7bba5914aac20b",
      "demo_id": "37",
      "demo_path": "demos/standard_model/demo-37-math-sm-master-flagship",
      "domain": "standard_model",
      "folder": "demo-37-math-sm-master-flagship",
      "mode": "run",
      "notes": "",
      "returncode": 0,
      "seconds": 0.240875,
      "status": "PASS",
      "stderr_path": "audits/bundles/GUM_BUNDLE_v30_20260117T024256Z/logs/standard_model__demo-37-math-sm-master-flagship.err.txt",
      "stderr_sha256": "fa7469ec28d85a25f1673d080d3e681cf07623cdbb3f031dcdbe5bf731de5745",
      "stdout_path": "audits/bundles/GUM_BUNDLE_v30_20260117T024256Z/logs/standard_model__demo-37-math-sm-master-flagship.out.txt",
      "stdout_sha256": "d086cd6ed91f2496df7c3852169dce57a56d73fd2ee013f54986708a85799410"
    },
    "39": {
      "code_sha256": "e72e7790657950b2f91ec38c3a9014394a10ed5ad0d48ede23e29a124edf1b64",
      "demo_id": "39",
      "demo_path": "demos/cosmo/demo-39-bb-a2",
      "domain": "cosmo",
      "folder": "demo-39-bb-a2",
      "mode": "run",
      "notes": "",
      "returncode": 0,
      "seconds": 0.418812,
      "status": "PASS",
      "stderr_path": "audits/bundles/GUM_BUNDLE_v30_20260117T024256Z/logs/cosmo__demo-39-bb-a2.err.txt",
      "stderr_sha256": "1d387fcbd16df8bad75dbbdf152f1d6614037fa87fbdf67cfde1f2149321c33a",
      "stdout_path": "audits/bundles/GUM_BUNDLE_v30_20260117T024256Z/logs/cosmo__demo-39-bb-a2.out.txt",
      "stdout_sha256": "83b49b2206cec0075e23be27dfdd054869bf60526c1448e97522ebc77772ab65"
    },
    "40": {
      "code_sha256": "b12dd83a0b14307ec17de80f1286391c85bdae6904536a556a4e35d9445e7eb4",
      "demo_id": "40",
      "demo_path": "demos/substrate/demo-40-universe-from-zero",
      "domain": "substrate",
      "folder": "demo-40-universe-from-zero",
      "mode": "run",
      "notes": "",
      "returncode": 0,
      "seconds": 0.205909,
      "status": "PASS",
      "stderr_path": "audits/bundles/GUM_BUNDLE_v30_20260117T024256Z/logs/substrate__demo-40-universe-from-zero.err.txt",
      "stderr_sha256": "e3b0c44298fc1c149afbf4c8996fb92427ae41e4649b934ca495991b7852b855",
      "stdout_path": "audits/bundles/GUM_BUNDLE_v30_20260117T024256Z/logs/substrate__demo-40-universe-from-zero.out.txt",
      "stdout_sha256": "3a0e61a18f5bc3d85eaab7d715a1626a6db8ac85241ef2183196e4540f5f131e"
    },
    "51": {
      "code_sha256": "f0912b3074c3de95e9b8e78cbc92dd5a1c576a65b31587889009bdbfd838e870",
      "demo_id": "51",
      "demo_path": "demos/general_relativity/demo-51-qft-gr-vacuum-suppression",
      "domain": "general_relativity",
      "folder": "demo-51-qft-gr-vacuum-suppression",
      "mode": "run",
      "notes": "",
      "returncode": 0,
      "seconds": 0.078811,
      "status": "PASS",
      "stderr_path": "audits/bundles/GUM_BUNDLE_v30_20260117T024256Z/logs/general_relativity__demo-51-qft-gr-vacuum-suppression.err.txt",
      "stderr_sha256": "35c80af9739e17ee611fa001036951b10126d268e2e8c09073659a1536a2a96b",
      "stdout_path": "audits/bundles/GUM_BUNDLE_v30_20260117T024256Z/logs/general_relativity__demo-51-qft-gr-vacuum-suppression.out.txt",
      "stdout_sha256": "df74b4ee91f9f745ea707bc619718a3e59d4396c5a4b10e44d275bd0f9a65447"
    },
    "53": {
      "code_sha256": "3bb3ee1797bb7e46bbd488f7c27a631b6677a28d6b026623bd9fcb76bd04b45d",
      "demo_id": "53",
      "demo_path": "demos/foundations/demo-53-lawbook-emergence",
      "domain": "foundations",
      "folder": "demo-53-lawbook-emergence",
      "mode": "run",
      "notes": "",
      "returncode": 0,
      "seconds": 0.55274,
      "status": "PASS",
      "stderr_path": "audits/bundles/GUM_BUNDLE_v30_20260117T024256Z/logs/foundations__demo-53-lawbook-emergence.err.txt",
      "stderr_sha256": "e3b0c44298fc1c149afbf4c8996fb92427ae41e4649b934ca495991b7852b855",
      "stdout_path": "audits/bundles/GUM_BUNDLE_v30_20260117T024256Z/logs/foundations__demo-53-lawbook-emergence.out.txt",
      "stdout_sha256": "6734da516df09d588bd58935c093ecba9d8b22fde4d3bd5b752a2410749171e6"
    },
    "54": {
      "code_sha256": "c43a2a3b36de4d68a45882247387ca0746ecb1ebc27a486d1dd359b95820ee65",
      "demo_id": "54",
      "demo_path": "demos/standard_model/demo-54-master-flagship-demo",
      "domain": "standard_model",
      "folder": "demo-54-master-flagship-demo",
      "mode": "run",
      "notes": "",
      "returncode": 0,
      "seconds": 2.941972,
      "status": "PASS",
      "stderr_path": "audits/bundles/GUM_BUNDLE_v30_20260117T024256Z/logs/standard_model__demo-54-master-flagship-demo.err.txt",
      "stderr_sha256": "895fd24a412edb6859f1ef50adcb189acc1efbc15057b2383c6dddae5d8ae2ac",
      "stdout_path": "audits/bundles/GUM_BUNDLE_v30_20260117T024256Z/logs/standard_model__demo-54-master-flagship-demo.out.txt",
      "stdout_sha256": "203bb5a9f7b47baf6c74bc465c26ebf0f7f80243ecbbdc9ba13a099fe0f30d18"
    },
    "55": {
      "code_sha256": "d614263c9bf5aa4aba59c632765808ae521f5834390a1b6dc9cfb2ce712a3a49",
      "demo_id": "55",
      "demo_path": "demos/standard_model/demo-55-proton-charge-radius",
      "domain": "standard_model",
      "folder": "demo-55-proton-charge-radius",
      "mode": "run",
      "notes": "",
      "returncode": 0,
      "seconds": 0.088777,
      "status": "PASS",
      "stderr_path": "audits/bundles/GUM_BUNDLE_v30_20260117T024256Z/logs/standard_model__demo-55-proton-charge-radius.err.txt",
      "stderr_sha256": "e3b0c44298fc1c149afbf4c8996fb92427ae41e4649b934ca495991b7852b855",
      "stdout_path": "audits/bundles/GUM_BUNDLE_v30_20260117T024256Z/logs/standard_model__demo-55-proton-charge-radius.out.txt",
      "stdout_sha256": "fa0b62349ba73d4e196213c06ff3954946911b31788cd4e6fef12896ef86e0da"
    },
    "56": {
      "code_sha256": "833acd006473c7d3b15edab630458e0d6098299041ac0850bf0dd2e8805e90a6",
      "demo_id": "56",
      "demo_path": "demos/controllers/demo-56-deterministic-operator-calculus-vs-fd",
      "domain": "controllers",
      "folder": "demo-56-deterministic-operator-calculus-vs-fd",
      "mode": "run",
      "notes": "",
      "returncode": 0,
      "seconds": 21.445159,
      "status": "PASS",
      "stderr_path": "audits/bundles/GUM_BUNDLE_v30_20260117T024256Z/logs/controllers__demo-56-deterministic-operator-calculus-vs-fd.err.txt",
      "stderr_sha256": "f5e77d1c0760411daab72a905be3a6857e6de36e2c294f89baae057b14b68404",
      "stdout_path": "audits/bundles/GUM_BUNDLE_v30_20260117T024256Z/logs/controllers__demo-56-deterministic-operator-calculus-vs-fd.out.txt",
      "stdout_sha256": "afed4877a4776d326953c85d376bd20ae4e8349811764f2eb388021709b64010"
    },
    "58": {
      "code_sha256": "4a573b4927fb8682d04293870edd17e90aa84c972f12da542e448a4eebc9b7be",
      "demo_id": "58",
      "demo_path": "demos/general_relativity/demo-58-emergent-weak-field-gr",
      "domain": "general_relativity",
      "folder": "demo-58-emergent-weak-field-gr",
      "mode": "run",
      "notes": "",
      "returncode": 0,
      "seconds": 0.812822,
      "status": "PASS",
      "stderr_path": "audits/bundles/GUM_BUNDLE_v30_20260117T024256Z/logs/general_relativity__demo-58-emergent-weak-field-gr.err.txt",
      "stderr_sha256": "f88b058fa935fe5c42dfe6b7c419ef5aff0af563f54f74a6a449e918601de914",
      "stdout_path": "audits/bundles/GUM_BUNDLE_v30_20260117T024256Z/logs/general_relativity__demo-58-emergent-weak-field-gr.out.txt",
      "stdout_sha256": "5c06217e357d9415b4650402a366e41359ee23c80558799563e5db92969c5cf4"
    },
    "59": {
      "code_sha256": "e2c60511de1f189674d6de23fa3a2e49fe5515c9a6b14738e715d1adf3cf1b1f",
      "demo_id": "59",
      "demo_path": "demos/controllers/demo-59-electromagnetism",
      "domain": "controllers",
      "folder": "demo-59-electromagnetism",
      "mode": "run",
      "notes": "",
      "returncode": 0,
      "seconds": 0.919564,
      "status": "PASS",
      "stderr_path": "audits/bundles/GUM_BUNDLE_v30_20260117T024256Z/logs/controllers__demo-59-electromagnetism.err.txt",
      "stderr_sha256": "d08bda10cb25f4a936eeab5960d1419880898b4d7558a46719818b03c013a318",
      "stdout_path": "audits/bundles/GUM_BUNDLE_v30_20260117T024256Z/logs/controllers__demo-59-electromagnetism.out.txt",
      "stdout_sha256": "51800aa73030b130869118d2be48ad63befe61e4b1e0979df22fd917fec8f90b"
    },
    "60": {
      "code_sha256": "fba4ac6667a7e649d774e3aee773be53362fd17c92af83a116c2122536b660f2",
      "demo_id": "60",
      "demo_path": "demos/quantum/demo-60-quantum-master-flagship",
      "domain": "quantum",
      "folder": "demo-60-quantum-master-flagship",
      "mode": "run",
      "notes": "",
      "returncode": 0,
      "seconds": 0.442077,
      "status": "PASS",
      "stderr_path": "audits/bundles/GUM_BUNDLE_v30_20260117T024256Z/logs/quantum__demo-60-quantum-master-flagship.err.txt",
      "stderr_sha256": "e3b0c44298fc1c149afbf4c8996fb92427ae41e4649b934ca495991b7852b855",
      "stdout_path": "audits/bundles/GUM_BUNDLE_v30_20260117T024256Z/logs/quantum__demo-60-quantum-master-flagship.out.txt",
      "stdout_sha256": "acf561b46f9d40e06d816976124f916047c5593bfab899434c3de24a301c1da9"
    },
    "63": {
      "code_sha256": "ac29eabd147832e91543a2f1b2975d222ea526e2536e9c34a63e3fb193b4c37d",
      "demo_id": "63",
      "demo_path": "demos/general_relativity/demo-63-gravitational-wave-inspiral-phasing",
      "domain": "general_relativity",
      "folder": "demo-63-gravitational-wave-inspiral-phasing",
      "mode": "run",
      "notes": "",
      "returncode": 0,
      "seconds": 0.15148,
      "status": "PASS",
      "stderr_path": "audits/bundles/GUM_BUNDLE_v30_20260117T024256Z/logs/general_relativity__demo-63-gravitational-wave-inspiral-phasing.err.txt",
      "stderr_sha256": "d28d2cdfc44fd8aa9c1f8033ea98b5007dd8eb6976a2763e0873089fb2acf675",
      "stdout_path": "audits/bundles/GUM_BUNDLE_v30_20260117T024256Z/logs/general_relativity__demo-63-gravitational-wave-inspiral-phasing.out.txt",
      "stdout_sha256": "74399b32fd43094d5440074649c1d5578e544412298f62dc2eb2f5ae5c6933e1"
    },
    "64": {
      "code_sha256": "6c0694a41546b177acc71cc8e29d6ca3395e2c8feacedc5affe2063a4251aca5",
      "demo_id": "64",
      "demo_path": "demos/substrate/demo-64-base-gauge-invariance-integer-selector",
      "domain": "substrate",
      "folder": "demo-64-base-gauge-invariance-integer-selector",
      "mode": "run",
      "notes": "",
      "returncode": 0,
      "seconds": 0.081764,
      "status": "PASS",
      "stderr_path": "audits/bundles/GUM_BUNDLE_v30_20260117T024256Z/logs/substrate__demo-64-base-gauge-invariance-integer-selector.err.txt",
      "stderr_sha256": "32d37004e3a4e4a22878824c52cf7dc3139912100a73c1a7cbea4a11209afa9d",
      "stdout_path": "audits/bundles/GUM_BUNDLE_v30_20260117T024256Z/logs/substrate__demo-64-base-gauge-invariance-integer-selector.out.txt",
      "stdout_sha256": "17ddf059d56e5476c8f02ace417f95cb03614eba0d9cb40e74704b3c8aaae32a"
    },
    "65": {
      "code_sha256": "fbc59e24b80b3f94061e68fa213b7cc6b7b37090d1cb6b14ea0d05f2b4161d3a",
      "demo_id": "65",
      "demo_path": "demos/infinity/demo-65-continuous-lift-paradox",
      "domain": "infinity",
      "folder": "demo-65-continuous-lift-paradox",
      "mode": "run",
      "notes": "",
      "returncode": 0,
      "seconds": 2.782289,
      "status": "PASS",
      "stderr_path": "audits/bundles/GUM_BUNDLE_v30_20260117T024256Z/logs/infinity__demo-65-continuous-lift-paradox.err.txt",
      "stderr_sha256": "a3eba0d313dafa5c500d29d333d096a3bd7baccce8c90289a9bda316c9fd2cc8",
      "stdout_path": "audits/bundles/GUM_BUNDLE_v30_20260117T024256Z/logs/infinity__demo-65-continuous-lift-paradox.out.txt",
      "stdout_sha256": "27efbcbc631e8ae9e8cf41537f2304330c2fa45921f876b739bc0e8b38a8ecc3"
    },
    "67": {
      "code_sha256": "4e00a354e960da013f75906cb6ca0071accf045710fb6808a159967fa31d9028",
      "demo_id": "67",
      "demo_path": "demos/infinity/demo-67-navier-stokes-master-flagship",
      "domain": "infinity",
      "folder": "demo-67-navier-stokes-master-flagship",
      "mode": "run",
      "notes": "",
      "returncode": 0,
      "seconds": 66.571209,
      "status": "PASS",
      "stderr_path": "audits/bundles/GUM_BUNDLE_v30_20260117T024256Z/logs/infinity__demo-67-navier-stokes-master-flagship.err.txt",
      "stderr_sha256": "32e8f71a46c7d7eb2aa634cda46d75956e45cbdbed5b3446ba6b0833acc323c7",
      "stdout_path": "audits/bundles/GUM_BUNDLE_v30_20260117T024256Z/logs/infinity__demo-67-navier-stokes-master-flagship.out.txt",
      "stdout_sha256": "e7964f99815225693814120f532daf4662630cd1862d1f5f0b1d0ddf26817304"
    },
    "68": {
      "code_sha256": "98e3c3a6c8865c0434d55a38347cb804432d52e62efeb5177ce4b26f1c35a424",
      "demo_id": "68",
      "demo_path": "demos/general_relativity/demo-68-general-relativity-master-flagship",
      "domain": "general_relativity",
      "folder": "demo-68-general-relativity-master-flagship",
      "mode": "run",
      "notes": "",
      "returncode": 0,
      "seconds": 1.635663,
      "status": "PASS",
      "stderr_path": "audits/bundles/GUM_BUNDLE_v30_20260117T024256Z/logs/general_relativity__demo-68-general-relativity-master-flagship.err.txt",
      "stderr_sha256": "e3b0c44298fc1c149afbf4c8996fb92427ae41e4649b934ca495991b7852b855",
      "stdout_path": "audits/bundles/GUM_BUNDLE_v30_20260117T024256Z/logs/general_relativity__demo-68-general-relativity-master-flagship.out.txt",
      "stdout_sha256": "45121a7d443fae9c22249d5c16125f536b834963388f4c9249407501152ff804"
    },
    "69": {
      "code_sha256": "f88eb6ef2f6c2ce1a11c4cd6664880b49a22c85486e91c5e4a1dec081383da1e",
      "demo_id": "69",
      "demo_path": "demos/controllers/demo-69-oatb-operator-admissibility-transfer-bridge",
      "domain": "controllers",
      "folder": "demo-69-oatb-operator-admissibility-transfer-bridge",
      "mode": "run",
      "notes": "",
      "returncode": 0,
      "seconds": 5.90957,
      "status": "PASS",
      "stderr_path": "audits/bundles/GUM_BUNDLE_v30_20260117T024256Z/logs/controllers__demo-69-oatb-operator-admissibility-transfer-bridge.err.txt",
      "stderr_sha256": "d6bcb715ef78f3fbb4345e486fa1ab8f3b37a4d18a611d13f806ac86aa6bc5b1",
      "stdout_path": "audits/bundles/GUM_BUNDLE_v30_20260117T024256Z/logs/controllers__demo-69-oatb-operator-admissibility-transfer-bridge.out.txt",
      "stdout_sha256": "020e546d156b365a46ffc69fcf4f39bb08e451aaabdcde825adc74f4270ecf6e"
    },
    "70": {
      "code_sha256": "22d96168011f931ec65be9e4526037ea35ef55c2107effd54bd42b6d55b9492a",
      "demo_id": "70",
      "demo_path": "demos/standard_model/demo-70-higgs-master-flagship",
      "domain": "standard_model",
      "folder": "demo-70-higgs-master-flagship",
      "mode": "run",
      "notes": "",
      "returncode": 0,
      "seconds": 1.29489,
      "status": "PASS",
      "stderr_path": "audits/bundles/GUM_BUNDLE_v30_20260117T024256Z/logs/standard_model__demo-70-higgs-master-flagship.err.txt",
      "stderr_sha256": "c89620149a3f26388d03aa3885210e8e56cfab2074abb32e29de8d94eb4477e3",
      "stdout_path": "audits/bundles/GUM_BUNDLE_v30_20260117T024256Z/logs/standard_model__demo-70-higgs-master-flagship.out.txt",
      "stdout_sha256": "1b35ed921ff2f11a6708f3e0d640b387ca3228e0585e166ba19b34ba755c023d"
    },
    "71": {
      "code_sha256": "78bf2731adce3bdd46f7ac93c12c14f72890f7d41adbb4151b2dac9e234929d5",
      "demo_id": "71",
      "demo_path": "demos/foundations/demo-71-one-action-master-flagship",
      "domain": "foundations",
      "folder": "demo-71-one-action-master-flagship",
      "mode": "run",
      "notes": "",
      "returncode": 0,
      "seconds": 0.239655,
      "status": "PASS",
      "stderr_path": "audits/bundles/GUM_BUNDLE_v30_20260117T024256Z/logs/foundations__demo-71-one-action-master-flagship.err.txt",
      "stderr_sha256": "b53ac8327fcac23156a6eda205dc95a4866f4244317f14b28a92b0495363c309",
      "stdout_path": "audits/bundles/GUM_BUNDLE_v30_20260117T024256Z/logs/foundations__demo-71-one-action-master-flagship.out.txt",
      "stdout_sha256": "2cd8eb0ee023a90e0c04775cc09b2896d74f26945a0aef2d12b6e72a6a8e5b83"
    },
    "demo-66a-quantum-gravity-master-flagship-v1": {
      "code_sha256": "0e0bb684ac6b62776a6302fab78e2f73c71892217a2a2411e5f4aa1edb6fce91",
      "demo_id": "demo-66a-quantum-gravity-master-flagship-v1",
      "demo_path": "demos/quantum_gravity/demo-66a-quantum-gravity-master-flagship-v1",
      "domain": "quantum_gravity",
      "folder": "demo-66a-quantum-gravity-master-flagship-v1",
      "mode": "run",
      "notes": "",
      "returncode": 0,
      "seconds": 0.112164,
      "status": "PASS",
      "stderr_path": "audits/bundles/GUM_BUNDLE_v30_20260117T024256Z/logs/quantum_gravity__demo-66a-quantum-gravity-master-flagship-v1.err.txt",
      "stderr_sha256": "7c3a1fabc0f923ab3bba8605617a9c5fa95fba2332ad51b67284f7b657c34fbf",
      "stdout_path": "audits/bundles/GUM_BUNDLE_v30_20260117T024256Z/logs/quantum_gravity__demo-66a-quantum-gravity-master-flagship-v1.out.txt",
      "stdout_sha256": "788b822eb5050deec68dde804a96adf545ddb823ecc887be20d70e1e425b5012"
    },
    "demo-66b-quantum-gravity-master-flagship-v2": {
      "code_sha256": "9d23f8b4d560596117f00f85f6aeb070a368485616a87f3973ed2958f2a632fc",
      "demo_id": "demo-66b-quantum-gravity-master-flagship-v2",
      "demo_path": "demos/quantum_gravity/demo-66b-quantum-gravity-master-flagship-v2",
      "domain": "quantum_gravity",
      "folder": "demo-66b-quantum-gravity-master-flagship-v2",
      "mode": "run",
      "notes": "",
      "returncode": 0,
      "seconds": 1.18517,
      "status": "PASS",
      "stderr_path": "audits/bundles/GUM_BUNDLE_v30_20260117T024256Z/logs/quantum_gravity__demo-66b-quantum-gravity-master-flagship-v2.err.txt",
      "stderr_sha256": "e3b0c44298fc1c149afbf4c8996fb92427ae41e4649b934ca495991b7852b855",
      "stdout_path": "audits/bundles/GUM_BUNDLE_v30_20260117T024256Z/logs/quantum_gravity__demo-66b-quantum-gravity-master-flagship-v2.out.txt",
      "stdout_sha256": "161f384b89d48c1730959926c1be9fff65d55cdfbe47523a0754979e3661933c"
    }
  },
  "source_ledger": null,
  "source_ledger_sha256": null
}