{
  "demo_id": "36",
  "label": "DEMO-36",
  "demo_path": "demos/cosmo/demo-36-big-bang-master-flagship",
  "code_sha256": "ab74d2b829420baf3a834e637af3d36d1cc613f1b0b02ceba9894b1fb466f414",
  "stdout_sha256": "1635f84441e7634c3ded3cb6392275b5471f13cc8fde5f9f50b79e407979e53f",
  "stderr_sha256": "8a127c70176f7aaf960b1d05e9a2d7faa5ada4d4a75b14b935cc1d256a2e6fd4",
  "files": [
    {
      "path": "camb_overlay.py",
      "sha256": "ee0ffa0f5406c0310405d94fd166b886a70fcfd56f3896f278eba2e7ef668517",
      "bytes": 4461
    },
    {
      "path": "demo.py",
      "sha256": "ab74d2b829420baf3a834e637af3d36d1cc613f1b0b02ceba9894b1fb466f414",
      "bytes": 34242
    },
    {
      "path": "cosmo__demo-36-big-bang-master-flagship.err.txt",
      "sha256": "8a127c70176f7aaf960b1d05e9a2d7faa5ada4d4a75b14b935cc1d256a2e6fd4",
      "bytes": 384
    },
    {
      "path": "__init__.py",
      "sha256": "459cae00ed76c5ac9a11b2e437a8b063b44d99392f42021f685b2e91f0f70c62",
      "bytes": 16
    },
    {
      "path": "cosmo__demo-36-big-bang-master-flagship.out.txt",
      "sha256": "1635f84441e7634c3ded3cb6392275b5471f13cc8fde5f9f50b79e407979e53f",
      "bytes": 8360
    },
    {
      "path": "artifacts/cosmo__demo-36-big-bang-master-flagship__camb_planck_vs_gum_overlay.png",
      "sha256": "a194394f7ccc9aa177dd57c34f487ed990392332eb31f8f53912e59d10f8d86e",
      "bytes": 88953
    },
    {
      "path": "artifacts/cosmo__demo-36-big-bang-master-flagship__camb_planck_vs_gum_metrics.json",
      "sha256": "4acd22ae00c2cf69b324a44671288336d31aa0b8f0ceaab1032c2ddaad7ba7f1",
      "bytes": 242
    },
    {
      "path": "artifacts/cosmo__demo-36-big-bang-master-flagship__camb_overlay.png",
      "sha256": "a194394f7ccc9aa177dd57c34f487ed990392332eb31f8f53912e59d10f8d86e",
      "bytes": 88953
    },
    {
      "path": "artifacts/cosmo__demo-36-big-bang-master-flagship__camb_overlay_note.txt",
      "sha256": "bc309fa8e0af9ed1832b7e7b6f19b21ce795e421ee2cc3fb4bc9c1cbf6838944",
      "bytes": 167
    },
    {
      "path": "artifacts/cosmo__demo-36-big-bang-master-flagship__bb36_master_results.json",
      "sha256": "2b74b55734f7a4379402c3690644f5e05f1cde0b34aa5ddc0f7a6bfdf1b0dda9",
      "bytes": 5937
    },
    {
      "path": "artifacts/cosmo__demo-36-big-bang-master-flagship__bb36_master_plot.png",
      "sha256": "192daa31529c52034f124de1737b4aacda56de381e702eaa57da55609f69fdcc",
      "bytes": 70438
    },
    {
      "path": "artifacts/cosmo__demo-36-big-bang-master-flagship__camb_planck_params.json",
      "sha256": "7fedd0c25baca54a1d039e779d8012934d1cb6e906338a1964f437cacf8d8b63",
      "bytes": 212
    }
  ]
}
