{
  "alpha_inv_ref": 127.955,
  "budgets": {
    "N128": {
      "K_primary": 31,
      "K_truth": 63,
      "N": 128,
      "eps": 0.18257418583505536,
      "q2": 30,
      "q3": 17,
      "v2U": 3
    },
    "N64": {
      "K_primary": 15,
      "K_truth": 31,
      "N": 64,
      "eps": 0.18257418583505536,
      "q2": 30,
      "q3": 17,
      "v2U": 3
    }
  },
  "counterfactuals_far": [
    {
      "s2": 263,
      "s3": 239,
      "wU": 409
    },
    {
      "s2": 263,
      "s3": 307,
      "wU": 409
    },
    {
      "s2": 367,
      "s3": 239,
      "wU": 409
    },
    {
      "s2": 367,
      "s3": 307,
      "wU": 409
    }
  ],
  "counterfactuals_local": [
    {
      "s2": 107,
      "s3": 103,
      "wU": 103
    },
    {
      "s2": 107,
      "s3": 103,
      "wU": 107
    }
  ],
  "determinism_sha256": "4b38c8bf1744c8d04fb28836c635793ba5e4b99aae23a45c51a50d25955b6f4d",
  "kernel": {
    "N128": {
      "hf_fejer": 0.0,
      "hf_sharp": 0.0,
      "hf_signed": 1.0,
      "kmin_fejer": 0.0,
      "kmin_sharp": -0.10591147845587834,
      "kmin_signed": -0.31824596775065084
    },
    "N64": {
      "hf_fejer": 0.0,
      "hf_sharp": 0.0,
      "hf_signed": 1.0,
      "kmin_fejer": 0.0,
      "kmin_sharp": -0.1053351938346092,
      "kmin_signed": -0.3180541816404248
    }
  },
  "math_suite": [
    {
      "abs_err": 7.155976428918631e-05,
      "approx": 0.577287224665822,
      "name": "EulerGamma",
      "ref": 0.5772156649015329,
      "rel_err": 0.00012397405101851087
    },
    {
      "abs_err": 0.00014311270100786366,
      "approx": 1.6447909541472185,
      "name": "Zeta2",
      "ref": 1.6449340668482264,
      "rel_err": 8.700208956221239e-05
    },
    {
      "abs_err": 1.0240622572155189e-08,
      "approx": 1.2020568929189717,
      "name": "Zeta3",
      "ref": 1.2020569031595942,
      "rel_err": 8.51924941759231e-09
    },
    {
      "abs_err": 2.559789269440671e-09,
      "approx": 0.9159655916174297,
      "name": "CatalanG",
      "ref": 0.915965594177219,
      "rel_err": 2.7946347392448113e-09
    },
    {
      "abs_err": 7.155635025979379e-05,
      "approx": 0.6932187369102051,
      "name": "Ln2",
      "ref": 0.6931471805599453,
      "rel_err": 0.0001032339916639182
    },
    {
      "abs_err": 0.00014310246062931853,
      "approx": 3.141449551129164,
      "name": "Pi",
      "ref": 3.141592653589793,
      "rel_err": 4.555092795553877e-05
    }
  ],
  "mean_math_rel_err": 5.996206234738951e-05,
  "obs_primary": {
    "alpha0_inv": 137.0,
    "alpha_inv_MZ_confin": 128.1475797082829,
    "alpha_inv_MZ_freequark": 126.54470083325178,
    "alpha_s_MZ": 0.11764705882352941,
    "lambda_qcd": 0.20458517601558782,
    "math_mean_rel_err": 5.996206234738951e-05
  },
  "pools": {
    "SU2_raw": [
      107
    ],
    "SU3_raw": [
      103
    ],
    "U1_coherent": [
      137
    ],
    "U1_raw": [
      103,
      107,
      137
    ]
  },
  "primary": {
    "s2": 107,
    "s3": 103,
    "wU": 137
  },
  "spec_sha256": "99fc3f517c9bc7d4ce0ea4ce8efce381233ad405250fae36706ecbaf6c200b3b",
  "teeth": [
    {
      "miss": true,
      "rel_dist": 2.0778950559479887,
      "triple": {
        "s2": 263,
        "s3": 239,
        "wU": 409
      }
    },
    {
      "miss": true,
      "rel_dist": 2.0778950559479887,
      "triple": {
        "s2": 263,
        "s3": 307,
        "wU": 409
      }
    },
    {
      "miss": true,
      "rel_dist": 2.0778950559479887,
      "triple": {
        "s2": 367,
        "s3": 239,
        "wU": 409
      }
    },
    {
      "miss": true,
      "rel_dist": 2.0778950559479887,
      "triple": {
        "s2": 367,
        "s3": 307,
        "wU": 409
      }
    },
    {
      "miss": true,
      "rel_dist": 0.26440174409189393,
      "triple": {
        "s2": 107,
        "s3": 103,
        "wU": 103
      }
    },
    {
      "miss": true,
      "rel_dist": 0.23379297085204123,
      "triple": {
        "s2": 107,
        "s3": 103,
        "wU": 107
      }
    }
  ],
  "tol_alpha_inv": 0.7787093316174835,
  "verified": true
}