{
  "demo_id": "demo-66a-quantum-gravity-master-flagship-v1",
  "label": "demo-66a-quantum-gravity-master-flagship-v1",
  "demo_path": "demos/quantum_gravity/demo-66a-quantum-gravity-master-flagship-v1",
  "code_sha256": "0e0bb684ac6b62776a6302fab78e2f73c71892217a2a2411e5f4aa1edb6fce91",
  "stdout_sha256": "c0f104a7b5665bb24c3683a4d734b14dc095a369857bfc4c94aba61403e1feff",
  "stderr_sha256": "7c3a1fabc0f923ab3bba8605617a9c5fa95fba2332ad51b67284f7b657c34fbf",
  "files": [
    {
      "path": "quantum_gravity__demo-66a-quantum-gravity-master-flagship-v1.err.txt",
      "sha256": "7c3a1fabc0f923ab3bba8605617a9c5fa95fba2332ad51b67284f7b657c34fbf",
      "bytes": 367
    },
    {
      "path": "demo.py",
      "sha256": "0e0bb684ac6b62776a6302fab78e2f73c71892217a2a2411e5f4aa1edb6fce91",
      "bytes": 32012
    },
    {
      "path": "quantum_gravity__demo-66a-quantum-gravity-master-flagship-v1.out.txt",
      "sha256": "c0f104a7b5665bb24c3683a4d734b14dc095a369857bfc4c94aba61403e1feff",
      "bytes": 8830
    },
    {
      "path": "__init__.py",
      "sha256": "459cae00ed76c5ac9a11b2e437a8b063b44d99392f42021f685b2e91f0f70c62",
      "bytes": 16
    }
  ]
}
