{
  "demo_id": "65",
  "label": "DEMO-65",
  "demo_path": "demos/infinity/demo-65-continuous-lift-paradox",
  "code_sha256": "fbc59e24b80b3f94061e68fa213b7cc6b7b37090d1cb6b14ea0d05f2b4161d3a",
  "stdout_sha256": "e44381b5317636b3009adb3acf9f57e642fab702e5e5314eaf5b7492d4c9beba",
  "stderr_sha256": "a3eba0d313dafa5c500d29d333d096a3bd7baccce8c90289a9bda316c9fd2cc8",
  "files": [
    {
      "path": "infinity__demo-65-continuous-lift-paradox.err.txt",
      "sha256": "a3eba0d313dafa5c500d29d333d096a3bd7baccce8c90289a9bda316c9fd2cc8",
      "bytes": 386
    },
    {
      "path": "infinity__demo-65-continuous-lift-paradox.out.txt",
      "sha256": "e44381b5317636b3009adb3acf9f57e642fab702e5e5314eaf5b7492d4c9beba",
      "bytes": 8854
    },
    {
      "path": "demo.py",
      "sha256": "fbc59e24b80b3f94061e68fa213b7cc6b7b37090d1cb6b14ea0d05f2b4161d3a",
      "bytes": 46852
    },
    {
      "path": "__init__.py",
      "sha256": "459cae00ed76c5ac9a11b2e437a8b063b44d99392f42021f685b2e91f0f70c62",
      "bytes": 16
    }
  ]
}
