{
  "demo_id": "76",
  "label": "DEMO-76",
  "demo_path": "demos/standard_model/demo-76-primorial-yukawa-master-flagship",
  "code_sha256": "8cb834c2124473a177c7a5fd8a20a59035318876f903f8ab7b44eb62a231056f",
  "stdout_sha256": "ed934868b7b37b02e7919a3a1b2dff6dc0463271c43c24f80dd7ada796da120e",
  "stderr_sha256": "7328c4ea2c0ba6f5367bfacbaf8b6fbf62d4b7289ba7736faf2bd88e9b9de183",
  "files": [
    {
      "path": "standard_model__demo-76-primorial-yukawa-master-flagship.err.txt",
      "sha256": "7328c4ea2c0ba6f5367bfacbaf8b6fbf62d4b7289ba7736faf2bd88e9b9de183",
      "bytes": 803
    },
    {
      "path": "standard_model__demo-76-primorial-yukawa-master-flagship.out.txt",
      "sha256": "ed934868b7b37b02e7919a3a1b2dff6dc0463271c43c24f80dd7ada796da120e",
      "bytes": 10607
    },
    {
      "path": "demo.py",
      "sha256": "8cb834c2124473a177c7a5fd8a20a59035318876f903f8ab7b44eb62a231056f",
      "bytes": 32151
    },
    {
      "path": "sm__demo-76-primorial-yukawa-master-flagship.err.txt",
      "sha256": "2a457bc6e8417388f848dafe56fb5197938a00c5dd8d5d94b284d16df88a0605",
      "bytes": 767
    },
    {
      "path": "sm__demo-76-primorial-yukawa-master-flagship.out.txt",
      "sha256": "3e1dcc3618034a1be2bdfebb68852791ca7dd541f21efcc8b3b2845c1b600409",
      "bytes": 10607
    }
  ]
}
