{
  "run_id": "20260125T033630Z_f65aa05",
  "generated_utc": "2026-01-25 03:36:30Z",
  "repo": {
    "root": "/workspaces/Marithmetics",
    "branch": "main",
    "head": "f65aa05e8d62b9536279de9afcaaf1f14a1351d4",
    "dirty": true
  },
  "bundle": {
    "dir": "/workspaces/Marithmetics/GUM/authority_archive/AOR_20260125T033630Z_f65aa05/GUM_BUNDLE_v30_20260125T033630Z",
    "sha256": "14edc6065f23b34a779b374ca1c71eed19094ca5659b14e9e9508623917ffb50"
  },
  "report": {
    "pdf": "/workspaces/Marithmetics/GUM/authority_archive/AOR_20260125T033630Z_f65aa05/report/GUM_Report_v32_2026-01-25_03-39-12Z.pdf",
    "manifest": "/workspaces/Marithmetics/GUM/authority_archive/AOR_20260125T033630Z_f65aa05/report/GUM_Report_v32_2026-01-25_03-39-12Z.pdf.manifest.json"
  },
  "counts": {
    "demos": 27,
    "claims": 27,
    "failures": []
  },
  "paths": {
    "summary_md": "/workspaces/Marithmetics/GUM/authority_archive/AOR_20260125T033630Z_f65aa05/SUMMARY.md",
    "claim_ledger": "/workspaces/Marithmetics/GUM/authority_archive/AOR_20260125T033630Z_f65aa05/claim_ledger.jsonl",
    "transcript": "/workspaces/Marithmetics/GUM/authority_archive/AOR_20260125T033630Z_f65aa05/runner_transcript.txt"
  }
}